,id,player,sex,club,view,slow,events
0,0,SANDRA GAL,f,driver,down-the-line,0,[408 455 473 476 490 495 498 501 514 545]
1,1,SANDRA GAL,f,driver,down-the-line,1,[ 814  854  917  931  988 1006 1019 1030 1083 1137]
2,2,CHRIS DIMARCO,m,driver,down-the-line,0,[521 659 678 683 692 696 698 701 715 745]
3,3,CHRIS DIMARCO,m,driver,down-the-line,1,[1106 1190 1244 1264 1300 1313 1324 1335 1389 1449]
4,4,BROOKE HENDERSON,f,driver,down-the-line,0,[157 170 183 188 197 201 205 207 220 250]
5,5,BROOKE HENDERSON,f,driver,down-the-line,1,[510 528 579 598 634 650 665 674 723 763]
6,6,NICK WATNEY,m,driver,down-the-line,0,[246 298 310 314 324 329 332 334 351 381]
7,7,NICK WATNEY,m,driver,down-the-line,1,[ 751  794  843  859  896  918  929  938  996 1029]
8,8,CRISTIE KERR,f,driver,face-on,0,[288 317 333 335 347 352 355 357 371 401]
9,9,CRISTIE KERR,f,driver,face-on,1,[601 631 690 699 749 765 779 788 847 878]
10,10,STEVE STRICKER,m,driver,face-on,0,[395 475 488 492 499 504 507 509 524 563]
11,11,STEVE STRICKER,m,driver,face-on,1,[ 744  803  854  867  899  914  927  936  999 1050]
12,12,KYLE STANLEY,m,driver,down-the-line,0,[ 61  96 109 113 121 126 129 131 146 180]
13,13,KYLE STANLEY,m,driver,other,1,[424 501 555 570 609 624 636 645 702 743]
14,14,GREG NORMAN,m,driver,face-on,0,[457 497 513 515 523 527 531 533 546 569]
15,15,GREG NORMAN,m,driver,face-on,1,[ 809  833  891  899  932  948  963  971 1020 1080]
16,16,VIJAY SINGH,m,driver,other,0,[ 91 162 174 179 188 192 196 198 217 251]
17,17,VIJAY SINGH,m,driver,other,0,[ 839  914  925  929  938  943  947  949  967 1029]
18,18,VIJAY SINGH,m,driver,other,1,[1083 1159 1195 1212 1247 1270 1284 1292 1363 1423]
19,19,HYO JOO KIM,f,driver,face-on,0,[271 310 328 333 344 348 352 355 377 437]
20,20,HYO JOO KIM,f,driver,face-on,1,[578 592 655 671 714 735 750 759 833 898]
21,21,TIGER WOODS,m,iron,face-on,0,[211 248 261 264 272 275 278 280 299 329]
22,22,TIGER WOODS,m,iron,face-on,1,[738 755 802 814 846 860 871 880 943 988]
23,23,GRAEME MCDOWELL,m,iron,down-the-line,0,[777 813 824 829 835 838 841 844 855 887]
24,24,GRAEME MCDOWELL,m,iron,down-the-line,1,[1051 1122 1163 1182 1201 1220 1231 1242 1286 1410]
25,25,PORNANONG PHATLUM,f,driver,face-on,0,[301 338 362 370 379 383 387 389 407 467]
26,26,PORNANONG PHATLUM,f,driver,face-on,1,[ 742  776  861  894  928  944  958  968 1035 1049]
27,27,ANGEL YIN,f,iron,face-on,0,[301 331 341 345 354 358 361 364 379 423]
28,28,ANGEL YIN,f,iron,face-on,1,[483 555 589 603 636 657 669 680 732 763]
29,29,BRANFORD MARSALIS,m,driver,face-on,0,[245 285 303 305 317 322 325 327 373 396]
30,30,BRANFORD MARSALIS,m,driver,face-on,1,[ 807  875  915  925  973  991 1002 1012 1168 1179]
31,31,PAULA CREAMER,f,driver,other,0,[151 172 188 193 201 204 207 210 226 264]
32,32,PAULA CREAMER,f,driver,other,1,[474 507 562 578 609 621 634 645 707 724]
33,33,MINJEE LEE,f,driver,down-the-line,0,[181 226 240 249 259 264 267 270 286 316]
34,34,MINJEE LEE,f,driver,other,1,[461 481 535 573 612 630 644 653 724 728]
35,35,DANIEL SUMMERHAYS,m,driver,other,0,[241 277 289 294 298 302 305 307 322 348]
36,36,DANIEL SUMMERHAYS,m,driver,other,1,[478 505 540 559 582 593 606 614 670 704]
37,37,HEE YOUNG PARK,f,driver,down-the-line,0,[481 513 526 533 542 547 551 553 572 610]
38,38,HEE YOUNG PARK,f,driver,down-the-line,1,[ 934 1002 1050 1078 1113 1132 1146 1157 1231 1282]
39,39,JASON DUFNER,m,fairway,down-the-line,0,[122 148 161 166 169 172 175 178 200 260]
40,40,JASON DUFNER,m,fairway,down-the-line,1,[320 357 389 407 422 433 447 455 528 565]
41,41,COLIN MONTGOMERIE,m,driver,face-on,0,[277 298 311 315 325 328 332 334 358 399]
42,42,COLIN MONTGOMERIE,m,fairway,face-on,0,[832 886 897 902 911 915 919 921 945 981]
43,43,COLIN MONTGOMERIE,m,driver,down-the-line,0,[1468 1602 1612 1617 1625 1630 1633 1636 1658 1696]
44,44,COLIN MONTGOMERIE,m,driver,face-on,1,[2168 2204 2246 2259 2295 2313 2327 2337 2405 2417]
45,45,KEVIN NA,m,driver,down-the-line,0,[331 362 371 377 391 396 398 401 415 475]
46,46,KEVIN NA,m,driver,down-the-line,1,[632 639 672 693 750 771 781 791 848 868]
47,47,TIGER WOODS,m,iron,down-the-line,0,[426 458 470 473 481 485 488 490 505 529]
48,48,TIGER WOODS,m,iron,down-the-line,1,[690 734 775 788 814 835 846 855 899 971]
49,49,JIM THORPE,m,driver,other,0,[227 261 272 278 284 288 291 294 316 343]
50,50,JIM THORPE,m,driver,down-the-line,1,[513 532 573 599 620 638 649 659 719 755]
51,51,BROOKE HENDERSON,f,driver,face-on,0,[301 611 632 637 646 650 654 656 671 712]
52,52,BROOKE HENDERSON,f,driver,face-on,1,[1012 1080 1166 1183 1219 1237 1252 1261 1317 1335]
53,53,GENE SAUERS,m,driver,other,0,[331 368 384 388 398 402 405 408 424 456]
54,54,GENE SAUERS,m,driver,other,1,[552 566 627 641 680 698 711 719 780 819]
55,55,BEATRIZ RECARI,f,driver,down-the-line,0,[601 643 659 664 672 675 679 682 704 764]
56,56,BEATRIZ RECARI,f,driver,down-the-line,1,[1030 1119 1182 1204 1236 1249 1263 1276 1355 1456]
57,57,JUSTIN LEONARD,m,driver,other,0,[499 567 582 588 593 598 601 604 617 642]
58,58,JUSTIN LEONARD,m,driver,other,1,[ 951  996 1041 1064 1089 1106 1119 1127 1182 1203]
59,59,RORY MCILROY,m,iron,other,0,[366 388 399 403 410 414 417 419 435 469]
60,60,HA NA JANG,f,driver,face-on,0,[241 291 306 312 321 327 331 333 347 375]
61,61,HA NA JANG,f,driver,face-on,1,[765 811 843 857 878 890 896 901 928 936]
62,62,JENNY SHIN,f,driver,down-the-line,0,[301 314 338 347 355 360 364 366 382 415]
63,63,JENNY SHIN,f,driver,down-the-line,1,[540 617 713 744 778 798 814 825 879 909]
64,64,NELLY KORDA,f,fairway,down-the-line,0,[511 547 563 569 579 583 586 589 606 647]
65,65,NELLY KORDA,f,fairway,down-the-line,1,[1026 1052 1108 1133 1174 1189 1202 1213 1274 1327]
66,66,LYDIA KO,f,iron,face-on,0,[751 813 829 834 843 847 850 853 875 919]
67,67,LYDIA KO,f,iron,face-on,1,[1281 1283 1348 1364 1401 1417 1430 1440 1522 1539]
68,68,DAVIS LOVE,m,driver,other,0,[391 395 405 409 417 420 424 426 440 460]
69,69,DAVIS LOVE,m,driver,other,1,[670 776 819 830 860 877 890 899 943 952]
70,70,PAULA CREAMER,f,driver,down-the-line,0,[541 572 590 594 601 604 607 610 626 650]
71,71,PAULA CREAMER,f,driver,down-the-line,1,[ 893  923  991 1009 1036 1047 1061 1073 1136 1210]
72,72,JESSICA KORDA,f,driver,face-on,0,[422 445 468 475 485 488 492 494 512 547]
73,73,JESSICA KORDA,f,driver,down-the-line,0,[421 443 468 475 485 488 492 494 513 549]
74,74,INBEE PARK,f,driver,face-on,0,[541 586 612 622 636 641 645 647 679 739]
75,75,INBEE PARK,f,driver,face-on,1,[1048 1127 1233 1274 1326 1348 1362 1370 1477 1527]
76,76,CANDIE KUNG,f,driver,down-the-line,0,[301 347 358 362 371 374 378 381 406 445]
77,77,CANDIE KUNG,f,driver,down-the-line,1,[595 704 743 759 793 809 824 836 894 936]
78,78,SANDRA GAL,f,driver,other,0,[601 665 678 686 697 701 705 707 722 767]
79,79,SANDRA GAL,f,driver,other,1,[1307 1337 1393 1419 1460 1479 1493 1503 1559 1601]
80,80,LOUIS OOSTHUIZEN,m,fairway,down-the-line,0,[121 357 367 373 381 386 389 391 406 444]
81,81,LOUIS OOSTHUIZEN,m,fairway,down-the-line,1,[696 722 756 777 813 831 841 850 897 949]
82,82,LYDIA KO,f,fairway,down-the-line,0,[811 844 862 868 878 882 885 888 909 960]
83,83,LYDIA KO,f,fairway,down-the-line,1,[1425 1470 1539 1564 1604 1622 1636 1645 1712 1738]
84,84,ANGEL YIN,f,iron,face-on,0,[211 257 270 274 282 286 290 293 305 395]
85,85,ANGEL YIN,f,iron,face-on,1,[576 601 637 649 682 700 713 727 769 804]
86,86,AZAHARA MUNOZ,f,driver,other,0,[421 457 472 476 484 489 493 495 514 547]
87,87,AZAHARA MUNOZ,f,driver,other,1,[ 744  805  856  869  903  922  938  948 1022 1034]
88,88,PAULA CREAMER,f,driver,down-the-line,0,[ 61 128 142 147 153 156 160 162 180 222]
89,89,PAULA CREAMER,f,driver,down-the-line,1,[605 649 703 721 746 758 773 783 845 876]
90,90,LINDSEY WRIGHT,f,driver,other,0,[361 367 384 390 398 404 408 410 425 460]
91,91,LINDSEY WRIGHT,f,driver,other,1,[ 790  808  866  887  920  943  959  971 1037 1046]
92,92,BUBBA WATSON,m,iron,down-the-line,0,[301 345 354 357 366 372 375 378 386 421]
93,93,BUBBA WATSON,m,iron,down-the-line,1,[640 700 737 748 785 810 821 830 865 909]
94,94,CHEYENNE WOODS,f,driver,down-the-line,0,[331 388 408 414 423 427 430 433 452 488]
95,95,CHEYENNE WOODS,f,wedge,other,0,[ 833  999 1015 1021 1029 1032 1036 1039 1053 1078]
96,96,TIGER WOODS,m,driver,other,0,[2281 2368 2383 2387 2393 2397 2400 2402 2416 2449]
97,97,TIGER WOODS,m,driver,other,1,[2757 2801 2845 2859 2886 2903 2915 2921 2976 2989]
98,98,PORNANONG PHATLUM,f,iron,face-on,0,[511 538 566 576 586 591 595 598 615 647]
99,99,PORNANONG PHATLUM,f,iron,face-on,1,[ 927  986 1091 1131 1175 1193 1207 1218 1283 1296]
100,100,PAUL CASEY,m,iron,other,0,[ 901  956  967  971  980  983  986  988 1004 1064]
101,101,PAUL CASEY,m,iron,other,1,[1446 1455 1495 1512 1545 1559 1570 1579 1622 1666]
102,102,IN-GEE CHUN,f,driver,face-on,0,[361 398 416 423 436 440 444 447 469 496]
103,103,IN-GEE CHUN,f,driver,face-on,1,[653 669 740 766 815 837 850 861 948 958]
104,104,JOHN HUSTON,m,driver,other,0,[305 412 426 431 443 451 454 456 469 493]
105,105,JOHN HUSTON,m,driver,other,1,[637 677 730 755 800 824 836 844 895 932]
106,106,CINDY LACROSSE,f,driver,down-the-line,0,[511 562 577 582 591 598 600 603 619 645]
107,107,CINDY LACROSSE,f,driver,down-the-line,1,[ 891  947  996 1013 1053 1077 1089 1099 1157 1211]
108,108,ANGELA STANFORD,f,driver,down-the-line,0,[ 41 290 299 303 311 315 318 321 333 414]
109,109,ANGELA STANFORD,f,driver,down-the-line,1,[542 602 638 654 683 701 716 725 759 864]
110,110,JASON DUFNER,m,iron,face-on,0,[234 427 435 439 443 446 449 452 462 560]
111,111,JASON DUFNER,m,iron,face-on,1,[ 915  945  978  995 1014 1021 1036 1044 1094 1186]
112,112,MIKE WEIR,m,driver,down-the-line,0,[ 45 355 366 371 377 381 384 386 401 483]
113,113,MIKE WEIR,m,driver,down-the-line,1,[682 713 745 767 789 806 819 826 873 988]
114,114,EUN-HEE JI,f,iron,face-on,0,[651 672 719 741 779 795 809 821 899 972]
115,115,EUN-HEE JI,f,iron,face-on,0,[3150 3191 3202 3209 3217 3221 3225 3236 3301 3374]
116,116,LYDIA KO,f,iron,face-on,0,[680 793 811 817 826 829 832 835 881 992]
117,117,LYDIA KO,f,iron,face-on,1,[1166 1184 1247 1271 1311 1320 1332 1346 1450 1476]
118,118,LYDIA KO,f,iron,face-on,0,[3810 3828 3845 3852 3861 3863 3867 3880 3993 4034]
119,119,KEVIN CHAPPELL,m,driver,down-the-line,0,[407 434 447 451 459 462 465 467 482 594]
120,120,KEVIN CHAPPELL,m,fairway,down-the-line,1,[ 833  888  931  946  976  989 1001 1008 1076 1128]
121,121,KEVIN CHAPPELL,m,fairway,down-the-line,0,[2851 2860 2877 2881 2888 2891 2895 2902 2945 2997]
122,122,JOHN DALY,m,fairway,down-the-line,0,[310 341 351 354 365 368 371 373 388 432]
123,123,JOHN DALY,m,fairway,down-the-line,1,[ 801  833  876  887  927  942  954  962 1011 1079]
124,124,JOHN DALY,m,fairway,down-the-line,0,[2798 2894 2904 2907 2918 2921 2924 2931 2980 3062]
125,125,LYDIA KO,f,driver,down-the-line,0,[ 81 118 134 141 158 163 166 168 178 207]
126,126,LYDIA KO,f,driver,down-the-line,1,[368 378 443 472 531 556 569 578 624 787]
127,127,STACY LEWIS,f,driver,face-on,0,[221 254 271 275 285 289 292 295 313 375]
128,128,STACY LEWIS,f,driver,face-on,1,[669 694 750 770 809 821 836 846 906 954]
129,129,STACY LEWIS,f,driver,face-on,1,[2962 2972 2990 2995 3003 3008 3012 3023 3082 3158]
130,130,KEN DUKE,m,driver,down-the-line,0,[316 379 388 392 397 400 404 406 427 496]
131,131,KEN DUKE,m,driver,down-the-line,1,[647 667 699 715 742 751 765 773 843 877]
132,132,CHARLEY HULL,f,driver,down-the-line,0,[376 408 417 422 428 431 435 437 453 518]
133,133,CHARLEY HULL,f,driver,down-the-line,1,[661 665 704 725 754 764 777 786 841 896]
134,134,ANGEL CABRERA,m,driver,down-the-line,0,[352 369 382 385 394 399 402 404 425 470]
135,135,ANGEL CABRERA,m,driver,down-the-line,1,[675 709 740 752 794 808 820 828 891 938]
136,136,SO YEON RYU,f,iron,other,0,[486 509 522 532 540 544 548 551 587 646]
137,137,SO YEON RYU,f,iron,other,0,[1718 1748 1762 1773 1781 1785 1789 1792 1823 1852]
138,138,SO YEON RYU,f,iron,other,0,[2029 2244 2255 2266 2275 2278 2282 2285 2314 2377]
139,139,SO YEON RYU,f,driver,other,0,[2973 2988 3005 3024 3037 3042 3047 3049 3095 3135]
140,140,SO YEON RYU,f,driver,other,0,[3672 3700 3714 3722 3732 3736 3740 3742 3770 3809]
141,141,SO YEON RYU,f,driver,other,1,[3970 4011 4056 4098 4128 4145 4160 4172 4278 4317]
142,142,SCOTT LANGLEY,m,fairway,down-the-line,0,[765 800 809 813 818 822 825 827 842 876]
143,143,SCOTT LANGLEY,m,fairway,down-the-line,1,[1273 1280 1308 1324 1352 1359 1372 1380 1444 1474]
144,144,TIGER WOODS,m,iron,other,0,[357 385 398 401 408 412 415 417 439 473]
145,145,TIGER WOODS,m,iron,other,1,[734 741 783 796 831 839 851 858 913 943]
146,146,GARY WOODLAND,m,driver,down-the-line,0,[304 309 326 332 340 343 347 349 367 403]
147,147,GARY WOODLAND,m,driver,down-the-line,1,[515 565 619 641 677 687 701 708 773 814]
148,148,GARY WOODLAND,m,iron,face-on,0,[2349 2402 2418 2424 2432 2436 2439 2442 2462 2498]
149,149,GARY WOODLAND,m,iron,face-on,1,[2604 2617 2686 2709 2739 2756 2769 2781 2827 2857]
150,150,CHARLEY HULL,f,driver,face-on,0,[138 141 154 158 166 168 172 174 191 222]
151,151,CHARLEY HULL,f,driver,face-on,1,[642 669 710 726 759 769 782 793 847 882]
152,152,ANGEL YIN,f,driver,face-on,0,[103 208 222 225 232 238 242 244 256 286]
153,153,ANGEL YIN,f,driver,face-on,1,[619 631 667 681 715 734 748 757 808 838]
154,154,LEE WESTWOOD,m,iron,other,0,[739 749 761 767 775 779 782 784 802 847]
155,155,LEE WESTWOOD,m,iron,other,1,[ 986 1030 1068 1087 1125 1141 1152 1161 1216 1249]
156,156,MICHELLE WIE,f,driver,face-on,0,[518 537 549 555 560 564 567 569 583 614]
157,157,MICHELLE WIE,f,wedge,other,0,[1098 1111 1122 1127 1132 1136 1139 1142 1162 1192]
158,158,MICHELLE WIE,f,iron,other,0,[1489 1526 1537 1542 1548 1551 1555 1558 1575 1614]
159,159,MICHELLE WIE,f,fairway,other,0,[2338 2346 2359 2364 2370 2374 2377 2380 2398 2435]
160,160,MICHELLE WIE,f,driver,face-on,0,[2996 3028 3040 3045 3051 3054 3058 3060 3076 3111]
161,161,MICHELLE WIE,f,iron,other,0,[4426 4429 4439 4446 4449 4452 4456 4458 4481 4546]
162,162,MICHELLE WIE,f,iron,other,0,[5091 5092 5103 5109 5114 5116 5120 5123 5152 5181]
163,163,MICHELLE WIE,f,driver,face-on,1,[6083 6103 6152 6174 6196 6208 6222 6231 6298 6318]
164,164,MICHELLE WIE,f,driver,face-on,1,[6099 6105 6150 6173 6196 6209 6223 6231 6298 6328]
165,165,MICHELLE WIE,f,fairway,other,0,[9044 9067 9084 9089 9095 9099 9105 9113 9184 9215]
166,166,RYAN PALMER,m,fairway,down-the-line,0,[253 263 277 282 291 296 299 301 321 354]
167,167,RYAN PALMER,m,fairway,down-the-line,1,[540 552 608 626 666 683 694 702 769 799]
168,168,CURTIS STRANGE,m,driver,down-the-line,0,[560 562 571 575 583 587 591 594 624 661]
169,169,CURTIS STRANGE,m,driver,face-on,0,[1581 1584 1593 1598 1605 1610 1614 1616 1641 1671]
170,170,CURTIS STRANGE,m,driver,down-the-line,1,[2377 2419 2453 2468 2505 2517 2533 2543 2612 2643]
171,171,BROOKE HENDERSON,f,wedge,down-the-line,0,[ 83 108 121 126 136 138 143 145 160 191]
172,172,BROOKE HENDERSON,f,iron,other,0,[1316 1328 1339 1343 1350 1354 1358 1361 1387 1417]
173,173,BROOKE HENDERSON,f,driver,other,0,[2104 2107 2125 2130 2138 2143 2147 2149 2166 2196]
174,174,BROOKE HENDERSON,f,iron,down-the-line,0,[2767 2774 2789 2792 2800 2805 2808 2811 2832 2866]
175,175,BROOKE HENDERSON,f,driver,face-on,0,[3389 3418 3437 3440 3449 3454 3458 3460 3475 3609]
176,176,CHARLES HOWELL,m,driver,face-on,0,[ 699  982  996 1000 1007 1010 1014 1016 1030 1119]
177,177,CHARLES HOWELL,m,driver,face-on,1,[1244 1283 1331 1346 1376 1389 1402 1409 1470 1568]
178,178,CHARLES HOWELL,m,driver,down-the-line,0,[2678 3075 3087 3091 3097 3101 3104 3107 3136 3289]
179,179,CHARLES HOWELL,m,driver,down-the-line,1,[3384 3449 3498 3513 3541 3555 3569 3576 3631 3764]
180,180,MICHELLE WIE,f,fairway,down-the-line,0,[ 571  771  781  787  793  796  800  802  820 1034]
181,181,MICHELLE WIE,f,fairway,down-the-line,1,[1187 1239 1278 1303 1325 1337 1352 1361 1428 1526]
182,182,PAULA CREAMER,f,driver,other,0,[ 691  945  961  967  972  974  978  980  999 1065]
183,183,PAULA CREAMER,f,driver,other,1,[1209 1221 1283 1304 1323 1334 1348 1359 1427 1525]
184,184,HENRIK STENSON,m,driver,down-the-line,0,[ 61 160 168 171 178 181 184 186 197 290]
185,185,SHANSHAN FENG,f,driver,down-the-line,0,[ 61 310 327 335 341 345 348 351 382 549]
186,186,SHANSHAN FENG,f,driver,down-the-line,1,[ 752  801  867  897  921  939  952  962 1044 1100]
187,187,SHANSHAN FENG,f,driver,face-on,0,[211 784 805 812 819 823 827 829 844 937]
188,188,ARIYA JUTANUGARN,f,fairway,face-on,0,[151 351 370 374 382 386 389 391 405 496]
189,189,GARY WOODLAND,m,driver,down-the-line,0,[511 626 643 649 658 660 664 666 683 813]
190,190,GARY WOODLAND,m,iron,face-on,0,[1353 1594 1610 1615 1624 1627 1630 1633 1651 1773]
191,191,BOO WEEKLEY,m,driver,down-the-line,0,[ 91 155 166 171 177 181 184 186 202 239]
192,192,IK KIM,f,driver,down-the-line,0,[242 357 369 373 383 388 392 395 410 472]
193,193,ANNA NORDQVIST,f,driver,down-the-line,0,[211 385 397 402 411 415 419 422 466 528]
194,194,ANNA NORDQVIST,f,driver,down-the-line,1,[657 667 714 734 770 785 801 811 905 995]
195,195,ANNA NORDQVIST,f,driver,face-on,0,[ 61 263 278 284 291 293 297 300 314 385]
196,196,ANNA NORDQVIST,f,driver,face-on,1,[565 595 645 663 692 704 720 730 787 854]
197,197,AI MIYAZATO,f,hybrid,down-the-line,0,[  5  59  80  86 112 118 121 124 154 265]
198,198,ALISON LEE,f,driver,down-the-line,0,[181 404 422 428 436 442 445 448 470 533]
199,199,MARIAJO URIBE,f,driver,down-the-line,0,[ 61 216 228 233 240 245 248 251 269 334]
200,200,KARRIE WEBB,f,driver,down-the-line,0,[211 230 245 250 259 264 268 270 292 352]
201,201,ADAM SCOTT,m,driver,down-the-line,0,[721 783 794 798 805 810 813 815 838 984]
202,202,SUZANN PETTERSEN,f,driver,down-the-line,0,[ 511  863  873  879  886  890  893  896  916 1096]
203,203,SUZANN PETTERSEN,f,driver,down-the-line,1,[1216 1254 1291 1312 1340 1354 1368 1378 1454 1570]
204,204,SO YEON RYU,f,driver,face-on,0,[181 403 415 424 432 435 439 442 469 561]
205,205,SO YEON RYU,f,driver,face-on,1,[ 741  800  845  880  909  927  943  952 1063 1123]
206,206,LYDIA KO,f,driver,face-on,1,[1021 1084 1103 1111 1122 1127 1131 1133 1159 1224]
207,207,LYDIA KO,f,driver,down-the-line,0,[1557 1801 1813 1820 1831 1837 1840 1843 1867 1928]
208,208,LYDIA KO,f,driver,face-on,0,[2219 2257 2273 2279 2291 2296 2300 2302 2330 2467]
209,209,LYDIA KO,f,driver,down-the-line,0,[2827 2850 2868 2875 2886 2892 2895 2898 2927 3005]
210,210,LYDIA KO,f,driver,face-on,1,[3625 3626 3691 3722 3769 3787 3801 3810 3894 3954]
211,211,LYDIA KO,f,driver,face-on,1,[3598 3623 3692 3722 3768 3787 3801 3811 3894 3975]
212,212,HENRIK STENSON,m,fairway,other,0,[122 200 209 212 218 222 225 239 242 272]
213,213,HENRIK STENSON,m,hybrid,other,1,[430 446 478 491 518 529 541 549 607 676]
214,214,PERNILLA LINDBERG,f,iron,down-the-line,0,[631 686 699 704 713 718 722 724 747 807]
215,215,PERNILLA LINDBERG,f,iron,down-the-line,1,[1202 1220 1266 1287 1325 1346 1356 1365 1442 1506]
216,216,HENRIK STENSON,m,driver,other,0,[153 176 185 188 194 197 200 202 219 250]
217,217,HENRIK STENSON,m,driver,other,1,[462 490 521 530 555 570 581 590 653 714]
218,218,BRITTANY LINCICOME,f,driver,down-the-line,0,[124 128 155 160 166 169 173 175 193 244]
219,219,BRITTANY LINCICOME,f,driver,down-the-line,1,[402 439 470 488 513 524 538 548 611 672]
220,220,LUKE DONALD,m,iron,down-the-line,0,[397 440 451 455 463 468 471 473 495 586]
221,221,MARK MCNULTY,m,driver,other,0,[154 184 194 198 205 209 213 215 237 268]
222,222,MARK MCNULTY,m,driver,other,1,[418 428 465 482 509 524 540 550 660 722]
223,223,CHARLES HOWELL,m,driver,face-on,0,[422 442 457 461 469 473 476 478 494 584]
224,224,CHARLES HOWELL,m,driver,face-on,0,[ 976 1265 1279 1284 1290 1294 1298 1299 1315 1436]
225,225,CHARLES HOWELL,m,driver,face-on,1,[3706 3708 3723 3727 3734 3737 3743 3749 3810 3840]
226,226,CHARLES HOWELL,m,driver,face-on,1,[3690 3706 3721 3726 3733 3737 3741 3749 3810 3845]
227,227,STACY LEWIS,f,fairway,down-the-line,0,[ 62  84  93  98 106 111 114 116 131 175]
228,228,STACY LEWIS,f,fairway,down-the-line,1,[392 413 443 460 495 516 527 536 597 658]
229,229,PATRICK REED,m,driver,face-on,0,[125 146 156 160 170 176 179 181 207 269]
230,230,PATRICK REED,m,driver,face-on,1,[479 495 534 550 597 614 627 635 711 776]
231,231,LYDIA KO,f,driver,face-on,0,[211 344 365 372 386 392 395 398 420 480]
232,232,LYDIA KO,f,driver,face-on,1,[630 652 729 759 814 837 850 859 923 983]
233,233,BEN CURTIS,m,fairway,down-the-line,0,[301 373 388 392 398 404 407 409 431 491]
234,234,BEN CURTIS,m,fairway,down-the-line,1,[ 731  735  788  807  831  851  862  870  931 1026]
235,235,MARK WILSON,m,driver,down-the-line,0,[361 703 715 722 730 733 736 738 770 830]
236,236,MARK WILSON,m,driver,down-the-line,1,[ 980 1005 1051 1079 1112 1123 1136 1145 1228 1288]
237,237,IAN POULTER,m,driver,face-on,0,[301 342 352 356 362 366 370 371 384 444]
238,238,IAN POULTER,m,driver,face-on,1,[598 638 675 691 719 731 745 753 804 926]
239,239,IAN POULTER,m,driver,down-the-line,0,[2156 2177 2186 2190 2196 2200 2203 2205 2217 2247]
240,240,IAN POULTER,m,driver,down-the-line,1,[2548 2569 2601 2615 2645 2658 2671 2680 2728 2819]
241,241,BUBBA WATSON,m,driver,down-the-line,0,[150 155 169 171 181 187 190 192 212 296]
242,242,BUBBA WATSON,m,driver,down-the-line,1,[560 571 603 610 653 676 688 694 738 805]
243,243,INBEE PARK,f,driver,down-the-line,0,[218 235 262 271 284 289 293 295 317 378]
244,244,INBEE PARK,f,driver,face-on,0,[117 235 263 273 286 289 293 295 317 438]
245,245,INBEE PARK,f,driver,down-the-line,1,[ 682  703  790  828  883  901  915  923  988 1109]
246,246,TOMMY ARMOUR III,m,driver,other,0,[247 251 259 262 267 269 273 275 289 380]
247,247,TOMMY ARMOUR III,m,driver,other,1,[500 533 564 574 596 602 617 626 685 780]
248,248,JERRY KELLY,m,driver,face-on,0,[442 448 463 470 480 484 487 490 506 569]
249,249,JERRY KELLY,m,driver,face-on,1,[ 659  732  793  820  859  874  888  897  958 1018]
250,250,STEVEN BOWDITCH,m,iron,down-the-line,0,[211 237 245 249 255 260 263 265 277 347]
251,251,STEVEN BOWDITCH,m,iron,down-the-line,1,[421 441 475 490 512 532 544 552 604 724]
252,252,JUSTIN LEONARD,m,driver,down-the-line,0,[451 526 538 543 550 555 558 560 575 665]
253,253,JUSTIN LEONARD,m,driver,down-the-line,1,[ 820  857  907  925  953  971  983  992 1031 1181]
254,254,CINDY LACROSSE,f,driver,down-the-line,0,[151 193 205 209 218 224 227 229 245 314]
255,255,CINDY LACROSSE,f,driver,down-the-line,1,[494 501 535 551 589 614 624 635 687 751]
256,256,LYDIA KO,f,driver,face-on,0,[312 554 572 580 594 599 603 605 628 688]
257,257,MICHELLE WIE,f,driver,face-on,0,[509 553 564 569 576 579 583 585 605 699]
258,258,LYDIA KO,f,driver,face-on,1,[ 856  859  930  960 1019 1040 1052 1062 1133 1227]
259,259,MICHELLE WIE,f,driver,face-on,1,[ 808  855  897  920  945  957  972  980 1053 1234]
260,260,BRANDT SNEDEKER,m,driver,down-the-line,0,[481 653 662 666 673 677 681 683 697 790]
261,261,BRANDT SNEDEKER,m,driver,down-the-line,1,[1091 1095 1126 1143 1172 1192 1202 1210 1263 1323]
262,262,INBEE PARK,f,driver,down-the-line,0,[ 91 120 138 148 163 168 172 174 201 265]
263,263,INBEE PARK,f,driver,down-the-line,1,[475 486 550 584 650 670 683 691 763 854]
264,264,LYDIA KO,f,driver,down-the-line,0,[ 99 214 231 238 249 254 258 260 280 342]
265,265,LYDIA KO,f,driver,down-the-line,1,[496 517 566 591 636 659 672 682 741 831]
266,266,DANIELLE KANG,f,driver,down-the-line,0,[514 568 582 585 594 596 601 603 620 685]
267,267,DANIELLE KANG,f,driver,down-the-line,1,[ 784  809  864  875  909  922  937  946 1015 1079]
268,268,JENNY SHIN,f,driver,face-on,0,[121 169 182 186 196 201 205 207 227 286]
269,269,TIGER WOODS,m,driver,down-the-line,0,[ 810  856  865  869  876  879  883  884  905 1014]
270,270,TIGER WOODS,m,driver,down-the-line,1,[1464 1537 1546 1549 1557 1560 1563 1565 1587 1630]
271,271,NELLY KORDA,f,fairway,face-on,0,[121 159 177 183 193 197 200 202 220 250]
272,272,NELLY KORDA,f,driver,face-on,1,[371 407 472 497 535 550 563 573 648 706]
273,273,RETIEF GOOSEN,m,driver,face-on,0,[181 202 213 217 226 229 233 235 253 383]
274,274,RETIEF GOOSEN,m,driver,face-on,1,[494 504 548 562 599 613 627 634 710 740]
275,275,INBEE PARK,f,driver,face-on,0,[335 352 371 378 389 395 398 400 424 487]
276,276,INBEE PARK,f,driver,face-on,0,[337 353 379 393 407 411 414 417 443 478]
277,277,LYDIA KO,f,driver,face-on,0,[572 602 672 701 747 769 782 791 866 986]
278,278,INBEE PARK,f,driver,face-on,1,[598 603 706 758 812 831 846 855 956 987]
279,279,HYO JOO KIM,f,fairway,face-on,0,[430 453 468 473 484 490 494 496 514 574]
280,280,HYO JOO KIM,f,driver,face-on,1,[634 674 735 756 795 821 836 844 910 942]
281,281,BRANDT SNEDEKER,m,iron,face-on,0,[571 610 618 622 628 632 636 638 664 817]
282,282,BRANDT SNEDEKER,m,iron,face-on,1,[1027 1047 1077 1093 1115 1133 1146 1155 1241 1301]
283,283,INBEE PARK,f,driver,face-on,0,[329 357 385 395 410 414 418 420 446 566]
284,284,INBEE PARK,f,driver,face-on,1,[ 746  799  899  938  998 1016 1030 1039 1137 1197]
285,285,KEEGAN BRADLEY,m,driver,face-on,0,[173 174 186 191 200 205 208 210 222 273]
286,286,KEEGAN BRADLEY,m,driver,face-on,1,[578 603 646 665 702 719 732 739 793 855]
287,287,JIN YOUNG KO,f,driver,face-on,0,[361 363 380 388 396 402 406 408 430 580]
288,288,JIN YOUNG KO,f,driver,face-on,1,[ 699  729  794  822  857  882  897  906  973 1063]
289,289,RORY MCILROY,m,driver,down-the-line,0,[215 503 511 515 522 526 530 531 543 604]
290,290,DUSTIN JOHNSON,m,driver,down-the-line,0,[394 500 512 516 526 532 535 537 556 647]
291,291,RORY MCILROY,m,driver,down-the-line,1,[ 800  847  881  893  925  940  952  959  994 1094]
292,292,DUSTIN JOHNSON,m,driver,down-the-line,1,[ 800  837  884  901  939  963  973  980 1037 1097]
293,293,CHAD CAMPBELL,m,driver,down-the-line,0,[301 319 329 333 339 343 347 349 365 395]
294,294,CHAD CAMPBELL,m,driver,down-the-line,1,[632 658 697 712 737 750 764 772 837 927]
295,295,WILLIE WOOD,m,driver,other,0,[179 262 275 280 289 293 297 298 315 345]
296,296,WILLIE WOOD,m,driver,other,1,[405 432 490 512 539 552 568 575 638 698]
297,297,LEXI THOMPSON,f,driver,face-on,0,[242 321 332 336 345 349 353 355 370 430]
298,298,LEXI THOMPSON,f,driver,face-on,0,[1278 1313 1323 1328 1337 1340 1344 1346 1371 1402]
299,299,LEXI THOMPSON,f,driver,face-on,1,[3675 3684 3724 3740 3776 3791 3805 3813 3888 3918]
300,300,CHRIS STROUD,m,driver,down-the-line,0,[212 256 272 277 289 294 297 299 317 409]
301,301,CHRIS STROUD,m,driver,down-the-line,1,[ 650  699  757  778  825  846  858  866  950 1040]
302,302,CHRISTINA KIM,f,driver,face-on,0,[331 357 368 373 381 385 388 391 413 536]
303,303,CHRISTINA KIM,f,driver,face-on,1,[ 746  786  831  849  884  898  913  922 1003 1033]
304,304,RORY MCILROY,m,driver,down-the-line,0,[361 411 418 421 429 433 436 438 452 548]
305,305,RORY MCILROY,m,driver,down-the-line,1,[ 758  784  812  823  851  871  883  889  937 1027]
306,306,LYDIA KO,f,driver,down-the-line,0,[691 731 744 748 759 763 766 769 795 813]
307,307,LYDIA KO,f,driver,down-the-line,1,[ 994 1003 1049 1068 1110 1124 1138 1148 1255 1285]
308,308,JUSTIN ROSE,m,iron,other,0,[ 79 133 147 152 159 164 167 170 187 277]
309,309,JUSTIN ROSE,m,iron,face-on,1,[367 433 479 498 526 547 559 570 647 767]
310,310,DANIEL BERGER,m,iron,face-on,0,[ 91 340 350 354 362 368 371 373 387 507]
311,311,DANIEL BERGER,m,iron,face-on,1,[687 701 738 753 786 812 823 832 900 960]
312,312,INBEE PARK,f,driver,down-the-line,0,[272 308 327 336 348 352 357 359 382 447]
313,313,INBEE PARK,f,driver,down-the-line,1,[ 597  620  703  739  792  807  822  830  923 1043]
314,314,HARRIS ENGLISH,m,driver,down-the-line,0,[121 184 197 202 211 216 219 220 237 327]
315,315,HARRIS ENGLISH,m,driver,down-the-line,1,[418 427 478 495 534 551 563 571 635 695]
316,316,LEXI THOMPSON,f,driver,down-the-line,0,[121 258 267 271 282 286 290 292 302 362]
317,317,GERINA PILLER,f,driver,down-the-line,0,[213 254 266 270 279 283 287 289 302 307]
318,318,LEXI THOMPSON,f,driver,down-the-line,1,[487 494 538 554 592 614 627 635 714 754]
319,319,GERINA PILLER,f,driver,down-the-line,1,[484 490 532 548 583 600 614 623 699 762]
320,320,ZACH JOHNSON,m,driver,down-the-line,0,[482 558 566 570 576 578 582 583 599 629]
321,321,ZACH JOHNSON,m,driver,down-the-line,1,[ 910  944  974  991 1012 1024 1037 1045 1109 1169]
322,322,LOREN ROBERTS,m,driver,other,0,[414 445 460 464 474 478 482 484 503 563]
323,323,LOREN ROBERTS,m,driver,other,1,[ 688  720  783  806  841  856  873  881  935 1027]
324,324,STEPHEN AMES,m,driver,down-the-line,0,[421 464 478 483 491 495 498 500 518 592]
325,325,STEPHEN AMES,m,driver,down-the-line,1,[ 922  973 1026 1042 1076 1094 1105 1114 1176 1236]
326,326,JESSICA KORDA,f,driver,down-the-line,0,[451 481 502 509 518 522 526 528 545 605]
327,327,JESSICA KORDA,f,driver,down-the-line,1,[ 756  815  895  924  961  977  992 1000 1067 1157]
328,328,MICHELLE WIE,f,driver,face-on,0,[271 309 322 328 336 339 343 345 362 422]
329,329,MICHELLE WIE,f,driver,face-on,1,[ 782  786  836  859  893  906  920  930  988 1048]
330,330,JEFF MAGGERT,m,driver,other,0,[511 533 544 550 555 558 562 564 588 708]
331,331,JEFF MAGGERT,m,driver,other,1,[ 948  976 1019 1045 1061 1071 1088 1094 1137 1197]
332,332,LYDIA KO,f,iron,other,0,[ 61  87 101 108 117 122 125 128 139 176]
333,333,LYDIA KO,f,iron,down-the-line,0,[750 782 795 801 810 815 818 820 847 877]
334,334,LYDIA KO,f,iron,other,1,[1207 1232 1246 1252 1261 1266 1269 1272 1281 1342]
335,335,LYDIA KO,f,iron,down-the-line,1,[4153 4182 4232 4257 4291 4310 4323 4333 4391 4451]
336,336,GRAEME MCDOWELL,m,driver,face-on,0,[403 418 429 434 440 442 446 448 459 525]
337,337,GRAEME MCDOWELL,m,hybrid,other,0,[1095 1263 1272 1278 1283 1285 1289 1291 1302 1340]
338,338,GRAEME MCDOWELL,m,driver,face-on,0,[2976 3006 3018 3024 3029 3032 3035 3037 3048 3138]
339,339,GRAEME MCDOWELL,m,driver,down-the-line,0,[5429 5464 5472 5478 5483 5486 5489 5491 5502 5563]
340,340,GRAEME MCDOWELL,m,iron,other,0,[6624 6658 6666 6672 6678 6681 6685 6688 6695 6768]
341,341,GRAEME MCDOWELL,m,driver,down-the-line,0,[8838 9081 9092 9098 9102 9105 9109 9110 9122 9246]
342,342,GRAEME MCDOWELL,m,driver,face-on,0,[10386 10494 10505 10510 10516 10518 10522 10524 10535 10715]
343,343,HEE-WON HAN,f,driver,down-the-line,0,[121 154 171 176 185 192 196 198 227 287]
344,344,HEE-WON HAN,f,driver,down-the-line,1,[497 528 588 609 648 672 686 697 857 887]
345,345,BERNHARD LANGER,m,driver,other,0,[361 430 442 445 451 454 458 460 478 576]
346,346,BERNHARD LANGER,m,driver,other,1,[ 817  821  866  878  903  914  932  939 1001 1121]
347,347,CAMILO VILLEGAS,m,fairway,other,0,[418 468 479 486 494 499 502 504 527 587]
348,348,CAMILO VILLEGAS,m,fairway,other,1,[ 857  880  926  953  982 1003 1017 1025 1093 1183]
349,349,HARRISON FRAZAR,m,driver,down-the-line,0,[ 91 102 113 120 130 135 138 140 175 295]
350,350,HARRISON FRAZAR,m,driver,down-the-line,1,[603 643 686 710 747 771 783 790 938 944]
351,351,LYDIA KO,f,driver,face-on,0,[151 518 537 544 554 559 563 565 589 670]
352,352,LYDIA KO,f,driver,face-on,1,[ 865  924  998 1024 1065 1086 1100 1108 1194 1251]
353,353,KIRADECH ALPHIBARNRAT,m,iron,down-the-line,0,[121 308 316 321 327 331 334 336 355 415]
354,354,KIRADECH ALPHIBARNRAT,m,iron,down-the-line,1,[ 709  775  804  822  845  862  874  881  954 1023]
355,355,CATRIONA MATTHEW,f,driver,down-the-line,0,[181 369 385 390 397 400 404 407 425 510]
356,356,CATRIONA MATTHEW,f,driver,down-the-line,1,[630 679 740 762 790 800 816 826 902 979]
357,357,RETIEF GOOSEN,m,driver,down-the-line,0,[280 550 564 568 576 580 583 585 604 680]
358,358,RETIEF GOOSEN,m,driver,down-the-line,1,[ 920  963 1002 1017 1051 1066 1078 1086 1162 1239]
359,359,SEI YOUNG KIM,f,driver,face-on,0,[112 412 427 434 444 448 452 454 478 539]
360,360,SEI YOUNG KIM,f,driver,face-on,1,[ 802  844  905  932  972  988 1002 1010 1099 1146]
361,361,ADAM SCOTT,m,driver,down-the-line,0,[ 815 1251 1265 1268 1277 1282 1285 1287 1309 1348]
362,362,ADAM SCOTT,m,driver,down-the-line,1,[1778 1857 1908 1920 1955 1975 1986 1994 2054 2098]
363,363,ADAM SCOTT,m,wedge,face-on,0,[3811 4090 4112 4117 4124 4128 4132 4134 4148 4213]
364,364,ADAM SCOTT,m,wedge,face-on,1,[4634 4711 4796 4813 4841 4859 4873 4883 4944 5044]
365,365,ADAM SCOTT,m,iron,down-the-line,0,[7025 7229 7240 7245 7252 7257 7259 7261 7282 7342]
366,366,ADAM SCOTT,m,iron,down-the-line,0,[7931 7959 7970 7974 7981 7987 7990 7992 8022 8054]
367,367,ADAM SCOTT,m,iron,down-the-line,1,[8400 8438 8481 8498 8525 8547 8557 8565 8628 8746]
368,368,BEATRIZ RECARI,f,driver,other,0,[571 870 886 890 898 902 906 908 932 973]
369,369,BEATRIZ RECARI,f,driver,other,1,[1400 1424 1480 1495 1530 1545 1557 1567 1650 1714]
370,370,LEE JANZEN,m,driver,face-on,0,[181 335 352 357 365 369 372 374 390 424]
371,371,LEE JANZEN,m,driver,face-on,1,[ 725  746  810  830  862  876  889  897  959 1021]
372,372,ALISON LEE,f,driver,face-on,0,[541 670 691 699 708 713 717 719 739 799]
373,373,ALISON LEE,f,driver,face-on,1,[ 950 1027 1111 1140 1174 1196 1212 1221 1284 1315]
374,374,JUSTIN ROSE,m,driver,other,0,[181 544 565 571 579 583 586 588 606 668]
375,375,JUSTIN ROSE,m,driver,other,0,[428 545 565 571 578 583 586 588 607 642]
376,376,JUSTIN ROSE,m,driver,other,1,[ 823  882  963  987 1020 1035 1047 1055 1127 1189]
377,377,JUSTIN ROSE,m,driver,other,1,[ 829  892  964  985 1019 1035 1045 1053 1126 1169]
378,378,HENRIK STENSON,m,iron,other,0,[391 506 515 519 525 529 532 534 550 589]
379,379,HENRIK STENSON,m,iron,face-on,0,[1049 1100 1110 1113 1120 1124 1127 1129 1144 1189]
380,380,HENRIK STENSON,m,fairway,down-the-line,0,[1556 1839 1848 1852 1859 1862 1865 1867 1883 1935]
381,381,HENRIK STENSON,m,iron,other,1,[2348 2398 2408 2412 2419 2423 2425 2427 2443 2490]
382,382,HENRIK STENSON,m,iron,face-on,1,[3707 3735 3745 3748 3755 3760 3762 3764 3777 3810]
383,383,HENRIK STENSON,m,fairway,down-the-line,1,[5083 5140 5149 5153 5159 5163 5166 5168 5184 5220]
384,384,RETIEF GOOSEN,m,driver,face-on,0,[143 446 467 471 479 483 486 488 508 570]
385,385,RETIEF GOOSEN,m,driver,face-on,1,[ 684  727  808  824  857  872  886  893  963 1000]
386,386,HARRIS ENGLISH,m,driver,face-on,0,[246 297 311 316 325 330 333 335 350 411]
387,387,HARRIS ENGLISH,m,driver,face-on,1,[ 764  814  884  903  937  957  969  977 1031 1070]
388,388,HARRIS ENGLISH,m,fairway,down-the-line,0,[2283 2405 2419 2424 2432 2437 2440 2442 2460 2508]
389,389,HARRIS ENGLISH,m,fairway,down-the-line,1,[2843 2902 2950 2966 3005 3023 3034 3044 3104 3135]
390,390,NICOLE CASTRALE,f,driver,other,0,[452 645 662 666 674 679 682 685 702 735]
391,391,NICOLE CASTRALE,f,driver,other,1,[ 795  825  893  907  946  961  973  982 1046 1078]
392,392,SANDRA GAL,f,driver,face-on,0,[331 497 521 525 538 542 546 548 564 597]
393,393,SANDRA GAL,f,driver,face-on,1,[ 841  877  954  969 1023 1039 1053 1063 1120 1152]
394,394,SEAN OHAIR,m,iron,down-the-line,0,[252 416 428 432 440 445 448 450 465 502]
395,395,SEAN OHAIR,m,iron,down-the-line,1,[ 999 1048 1091 1107 1138 1158 1170 1177 1236 1283]
396,396,RICKIE FOWLER,m,driver,down-the-line,0,[ 45 250 260 265 272 275 278 280 299 360]
397,397,RICKIE FOWLER,m,driver,down-the-line,1,[ 691  752  796  817  844  853  866  874  947 1051]
398,398,NATALIE GULBIS,f,driver,down-the-line,0,[ 53 260 284 287 298 304 307 310 331 392]
399,399,NATALIE GULBIS,f,driver,down-the-line,1,[521 622 708 722 768 793 804 814 883 915]
400,400,RETIEF GOOSEN,m,driver,other,0,[181 471 490 495 503 506 510 512 529 590]
401,401,RETIEF GOOSEN,m,driver,other,1,[ 695  771  838  862  892  906  920  928  995 1027]
402,402,BILLY ANDRADE,m,driver,down-the-line,0,[391 566 577 582 593 599 602 604 623 661]
403,403,BILLY ANDRADE,m,driver,down-the-line,1,[ 953  997 1041 1061 1103 1126 1139 1148 1211 1273]
404,404,BRENDAN STEELE,m,driver,other,0,[196 423 436 441 451 454 457 459 475 537]
405,405,BRENDAN STEELE,m,driver,other,1,[ 811  853  901  918  956  974  985  993 1046 1076]
406,406,RICKIE FOWLER,m,iron,down-the-line,0,[271 638 646 651 657 660 663 666 687 717]
407,407,RICKIE FOWLER,m,iron,down-the-line,1,[ 807  832  864  881  906  919  931  946 1015 1075]
408,408,MICHELLE WIE,f,driver,face-on,0,[541 783 795 801 807 810 814 816 834 900]
409,409,MICHELLE WIE,f,driver,face-on,1,[1171 1217 1261 1284 1309 1322 1336 1344 1416 1478]
410,410,BROOKE HENDERSON,f,driver,down-the-line,0,[425 762 781 786 795 799 803 806 818 885]
411,411,BROOKE HENDERSON,f,driver,down-the-line,1,[1134 1211 1283 1301 1339 1356 1372 1380 1429 1461]
412,412,BUD CAULEY,m,driver,down-the-line,0,[587 807 818 821 829 834 837 839 855 919]
413,413,BUD CAULEY,m,driver,down-the-line,1,[1086 1145 1184 1199 1230 1250 1260 1268 1319 1354]
414,414,JUSTIN ROSE,m,driver,other,0,[151 323 344 350 358 362 365 367 386 448]
415,415,JUSTIN ROSE,m,driver,other,1,[ 734  751  839  863  892  910  923  931 1004 1035]
416,416,DANIELLE KANG,f,iron,face-on,0,[200 396 411 415 422 427 430 433 452 491]
417,417,DANIELLE KANG,f,iron,face-on,1,[ 804  849  906  922  953  970  983  994 1069 1099]
418,418,DARREN CLARKE,m,fairway,down-the-line,0,[258 384 393 398 404 408 411 413 430 496]
419,419,DARREN CLARKE,m,fairway,down-the-line,1,[693 751 785 801 828 844 855 864 928 989]
420,420,SUN YOUNG YOO,f,driver,face-on,0,[240 371 393 398 408 413 416 419 441 510]
421,421,SUN YOUNG YOO,f,driver,face-on,1,[ 750  807  890  910  947  967  982  991 1080 1141]
422,422,TOM LEHMAN,m,driver,face-on,0,[331 658 669 672 679 682 685 687 701 741]
423,423,TOM LEHMAN,m,driver,face-on,0,[561 657 669 672 678 682 685 687 699 742]
424,424,TOM LEHMAN,m,driver,face-on,1,[1031 1101 1145 1158 1185 1197 1211 1219 1274 1338]
425,425,TOM LEHMAN,m,driver,face-on,1,[1042 1104 1145 1159 1184 1197 1211 1219 1266 1297]
426,426,BO VAN PELT,m,driver,down-the-line,0,[324 495 509 512 518 522 525 527 547 610]
427,427,BO VAN PELT,m,driver,down-the-line,1,[ 997 1040 1090 1103 1127 1142 1153 1162 1215 1250]
428,428,MARK MOULAND,m,driver,other,0,[ 52  90 105 109 117 121 125 127 144 208]
429,429,MARK MOULAND,m,driver,other,1,[256 297 349 366 398 415 430 438 498 558]
430,430,INBEE PARK,f,driver,down-the-line,0,[ 62 171 194 203 216 220 224 226 250 313]
431,431,AI MIYAZATO,f,driver,down-the-line,0,[ 80 151 180 188 212 220 224 226 260 329]
432,432,AI MIYAZATO,f,driver,down-the-line,1,[419 449 563 585 688 721 733 744 868 898]
433,433,INBEE PARK,f,driver,down-the-line,1,[456 523 615 651 702 720 735 743 832 892]
434,434,FRED COUPLES,m,driver,face-on,0,[271 404 421 426 436 440 443 445 468 528]
435,435,FRED COUPLES,m,fairway,face-on,0,[ 862 1041 1051 1055 1066 1070 1074 1075 1100 1190]
436,436,FRED COUPLES,m,iron,other,0,[1395 1544 1555 1560 1567 1572 1576 1578 1611 1671]
437,437,FRED COUPLES,m,driver,down-the-line,0,[2121 2327 2337 2341 2352 2356 2359 2361 2385 2445]
438,438,FRED COUPLES,m,iron,other,0,[2895 3069 3079 3084 3093 3098 3101 3103 3129 3189]
439,439,FRED COUPLES,m,fairway,face-on,0,[3369 3426 3442 3446 3457 3462 3465 3467 3486 3554]
440,440,FRED COUPLES,m,driver,face-on,0,[4034 4279 4298 4302 4313 4317 4321 4323 4352 4386]
441,441,FRED COUPLES,m,iron,down-the-line,0,[5376 5776 5785 5789 5799 5804 5808 5810 5828 5853]
442,442,FRED COUPLES,m,driver,face-on,0,[6460 6473 6491 6494 6505 6509 6513 6514 6535 6595]
443,443,FRED COUPLES,m,driver,down-the-line,1,[9035 9095 9131 9146 9191 9207 9219 9227 9301 9361]
444,444,FRED COUPLES,m,fairway,face-on,1,[11311 11344 11409 11424 11467 11484 11497 11504 11580 11614]
445,445,FRED COUPLES,m,hybrid,face-on,1,[13732 13755 13798 13815 13859 13875 13888 13895 13970 14002]
446,446,FRED COUPLES,m,iron,down-the-line,1,[16042 16060 16095 16110 16151 16169 16182 16191 16279 16312]
447,447,FRED COUPLES,m,driver,face-on,1,[18382 18423 18465 18482 18525 18542 18555 18562 18650 18680]
448,448,J B HOLMES,m,fairway,down-the-line,0,[436 521 532 536 543 548 551 553 573 636]
449,449,J B HOLMES,m,fairway,down-the-line,1,[1037 1111 1150 1166 1200 1216 1226 1234 1312 1373]
450,450,MIKE WEIR,m,driver,other,0,[340 709 719 724 731 735 738 740 760 822]
451,451,MIKE WEIR,m,driver,other,1,[ 962 1002 1042 1064 1090 1107 1119 1129 1203 1293]
452,452,LYDIA KO,f,driver,down-the-line,0,[ 94 201 219 226 237 242 245 248 274 334]
453,453,LYDIA KO,f,driver,down-the-line,1,[544 634 668 681 703 714 721 725 757 817]
454,454,GRAEME MCDOWELL,m,driver,other,0,[121 431 443 448 454 457 460 462 475 538]
455,455,GRAEME MCDOWELL,m,driver,other,1,[718 750 790 813 835 846 860 866 910 951]
456,456,ADAM SCOTT,m,driver,face-on,0,[1414 1725 1736 1740 1748 1752 1755 1757 1776 1808]
457,457,ADAM SCOTT,m,driver,face-on,1,[2078 2109 2155 2171 2202 2220 2232 2239 2303 2335]
458,458,BILLY HURLEY III,m,driver,down-the-line,0,[391 559 569 574 582 585 588 590 610 673]
459,459,BILLY HURLEY III,m,driver,down-the-line,1,[ 881  943  981 1001 1032 1047 1058 1066 1136 1196]
460,460,RICKIE FOWLER,m,driver,other,0,[ 50 124 133 137 143 147 150 152 168 210]
461,461,RICKIE FOWLER,m,driver,other,1,[330 391 425 441 467 479 490 498 558 620]
462,462,AUSTIN ERNST,f,driver,face-on,0,[111 279 290 294 301 307 310 312 333 373]
463,463,AUSTIN ERNST,f,driver,face-on,1,[553 598 638 651 684 705 718 727 798 858]
464,464,BRAD FAXON,m,fairway,down-the-line,0,[185 415 431 435 443 448 451 453 471 507]
465,465,BRAD FAXON,m,fairway,down-the-line,1,[ 856  885  932  948  982  999 1012 1020 1087 1117]
466,466,MARC LEISHMAN,m,iron,other,0,[241 542 551 556 563 567 570 573 600 660]
467,467,MARC LEISHMAN,m,iron,other,1,[ 798  838  873  892  919  936  949  958 1047 1077]
468,468,JOHN SENDEN,m,driver,down-the-line,0,[301 490 502 506 513 515 518 520 548 608]
469,469,JOHN SENDEN,m,driver,down-the-line,1,[ 709  759  801  818  843  853  865  875  970 1030]
470,470,DANIEL BERGER,m,driver,down-the-line,0,[301 590 603 608 616 623 625 627 643 703]
471,471,DANIEL BERGER,m,driver,down-the-line,1,[ 913  970 1016 1038 1068 1096 1107 1114 1172 1224]
472,472,TONY FINAU,m,iron,down-the-line,0,[361 761 775 780 785 788 791 793 809 844]
473,473,TONY FINAU,m,iron,down-the-line,1,[1294 1354 1415 1434 1455 1465 1478 1485 1554 1630]
474,474,STACY LEWIS,f,driver,down-the-line,0,[331 472 488 492 501 506 509 511 531 594]
475,475,STACY LEWIS,f,driver,down-the-line,1,[ 684  754  807  824  861  881  893  903  962 1024]
476,476,JANE PARK,f,driver,down-the-line,0,[181 280 292 298 307 312 316 319 340 374]
477,477,JANE PARK,f,driver,down-the-line,1,[484 511 555 577 614 637 651 661 743 774]
478,478,IN-GEE CHUN,f,iron,down-the-line,0,[301 432 447 453 465 470 473 476 503 533]
479,479,IN-GEE CHUN,f,iron,down-the-line,1,[ 863  893  955  980 1026 1045 1057 1067 1160 1220]
480,480,BRAD FAXON,m,driver,face-on,0,[ 91 245 259 263 270 274 278 280 296 326]
481,481,BRAD FAXON,m,driver,face-on,1,[566 612 663 680 710 725 740 748 816 876]
482,482,MIKA MIYAZATO,f,driver,down-the-line,0,[ 61 182 197 204 211 215 219 221 241 284]
483,483,MIKA MIYAZATO,f,driver,down-the-line,1,[527 611 665 694 722 739 754 763 841 901]
484,484,SANDRA GAL,f,driver,face-on,0,[211 391 411 415 427 432 435 438 455 515]
485,485,SANDRA GAL,f,driver,down-the-line,1,[635 660 726 741 793 810 824 834 898 958]
486,486,JASON DAY,m,driver,face-on,0,[121 429 443 448 456 458 461 463 474 534]
487,487,JUSTIN THOMAS,m,driver,face-on,0,[354 421 439 444 453 458 461 463 475 535]
488,488,JASON DAY,m,driver,face-on,1,[ 776  891  946  968  996 1008 1020 1029 1078 1108]
489,489,JUSTIN THOMAS,m,driver,face-on,1,[ 808  887  930  951  987 1008 1019 1026 1076 1136]
490,490,ANNA NORDQVIST,f,driver,down-the-line,0,[157 295 310 316 323 326 330 333 348 392]
491,491,ANNA NORDQVIST,f,driver,down-the-line,1,[632 682 742 767 792 804 823 832 896 936]
492,492,STACY LEWIS,f,driver,face-on,0,[181 287 305 310 318 323 326 328 342 402]
493,493,STACY LEWIS,f,driver,face-on,1,[582 634 697 715 749 767 781 791 855 887]
494,494,STACY LEWIS,f,driver,face-on,0,[2447 2495 2510 2515 2524 2529 2532 2534 2550 2577]
495,495,STACY LEWIS,f,driver,face-on,1,[2853 2900 2960 2978 3013 3034 3046 3056 3110 3140]
496,496,MARIAJO URIBE,f,hybrid,down-the-line,0,[421 583 594 599 607 610 613 616 633 693]
497,497,MARIAJO URIBE,f,hybrid,down-the-line,1,[1263 1301 1344 1363 1392 1407 1420 1430 1501 1561]
498,498,SANDRA GAL,f,driver,face-on,0,[451 639 653 657 669 673 677 680 698 758]
499,499,SANDRA GAL,f,fairway,other,0,[ 908 1527 1543 1548 1560 1564 1568 1570 1593 1653]
500,500,SANDRA GAL,f,driver,other,0,[2253 2424 2437 2441 2454 2458 2462 2464 2484 2544]
501,501,SANDRA GAL,f,driver,face-on,0,[3054 3296 3320 3324 3336 3340 3344 3347 3390 3450]
502,502,SANDRA GAL,f,driver,other,0,[3632 3754 3769 3773 3784 3789 3793 3796 3815 3845]
503,503,SANDRA GAL,f,driver,face-on,1,[4086 4171 4231 4248 4293 4313 4327 4337 4408 4468]
504,504,NA YEON CHOI,f,driver,down-the-line,0,[151 367 379 386 394 398 401 404 424 484]
505,505,NA YEON CHOI,f,driver,down-the-line,1,[634 706 753 780 813 828 843 852 910 970]
506,506,NA YEON CHOI,f,driver,face-on,0,[2770 3017 3032 3039 3047 3051 3054 3057 3076 3115]
507,507,NA YEON CHOI,f,driver,face-on,1,[3266 3285 3339 3367 3401 3414 3429 3438 3516 3576]
508,508,SCOTT VERPLANK,m,driver,down-the-line,0,[481 854 866 871 878 882 885 887 909 971]
509,509,SCOTT VERPLANK,m,driver,down-the-line,1,[1241 1333 1381 1400 1430 1445 1458 1467 1530 1590]
510,510,BRITTANY LANG,f,driver,other,0,[181 378 390 393 402 406 409 411 427 487]
511,511,BRITTANY LANG,f,driver,other,1,[727 771 819 831 867 884 896 905 968 986]
512,512,YANI TSENG,f,driver,face-on,0,[151 296 320 325 332 335 339 341 358 388]
513,513,YANI TSENG,f,driver,face-on,1,[ 779  841  930  951  978  990 1005 1013 1076 1136]
514,514,RUSSELL HENLEY,m,driver,down-the-line,0,[121 440 449 452 459 463 466 468 481 513]
515,515,RUSSELL HENLEY,m,driver,down-the-line,1,[ 867  896  928  940  967  981  992 1001 1052 1082]
516,516,TIGER WOODS,m,iron,other,0,[361 508 519 522 530 534 536 538 557 587]
517,517,TIGER WOODS,m,driver,other,0,[3137 3272 3285 3288 3295 3299 3302 3304 3319 3379]
518,518,TIGER WOODS,m,iron,down-the-line,0,[3979 4113 4123 4126 4134 4138 4141 4144 4153 4185]
519,519,TIGER WOODS,m,fairway,other,0,[4515 4576 4589 4592 4599 4603 4606 4608 4622 4682]
520,520,TIGER WOODS,m,iron,down-the-line,0,[5192 5388 5401 5404 5411 5416 5419 5421 5439 5499]
521,521,TIGER WOODS,m,wedge,face-on,0,[6129 6274 6286 6290 6297 6301 6304 6306 6321 6360]
522,522,LYDIA KO,f,driver,face-on,0,[331 777 792 797 807 811 814 816 842 872]
523,523,LYDIA KO,f,driver,face-on,1,[1022 1092 1150 1168 1209 1223 1237 1247 1332 1362]
524,524,PAOLA MORENO,f,driver,down-the-line,0,[250 387 405 410 421 426 430 432 454 516]
525,525,PAOLA MORENO,f,driver,down-the-line,1,[640 687 740 758 802 822 836 846 930 992]
526,526,TIGER WOODS,m,driver,other,0,[151 368 382 385 392 396 399 401 417 453]
527,527,JUSTIN ROSE,m,driver,other,0,[273 359 379 385 392 396 399 401 420 480]
528,528,JUSTIN ROSE,m,driver,other,1,[600 610 693 717 750 761 775 783 837 867]
529,529,TIGER WOODS,m,driver,other,1,[627 654 704 718 746 761 773 780 841 871]
530,530,TIM WILKINSON ,m,driver,down-the-line,0,[ 61 284 297 302 312 315 318 320 336 396]
531,531,TIM WILKINSON ,m,driver,down-the-line,1,[516 552 601 622 662 674 687 695 751 781]
532,532,ROCCO MEDIATE,m,driver,face-on,0,[271 339 359 363 373 378 381 384 407 437]
533,533,ROCCO MEDIATE,m,driver,face-on,1,[ 677  774  833  848  886  907  920  930 1016 1076]
534,534,TREVOR IMMELMAN,m,fairway,other,0,[331 601 612 615 623 628 631 632 649 709]
535,535,TREVOR IMMELMAN,m,fairway,other,1,[1009 1045 1083 1096 1128 1148 1157 1165 1221 1281]
536,536,KYLE STANLEY,m,driver,down-the-line,0,[121 171 182 186 194 198 201 203 226 286]
537,537,KYLE STANLEY,m,driver,down-the-line,1,[439 474 516 531 563 578 590 598 674 734]
538,538,DUSTIN JOHNSON,m,driver,face-on,0,[271 414 428 432 441 447 450 452 469 513]
539,539,DUSTIN JOHNSON,m,driver,face-on,1,[ 843  902  957  974 1010 1034 1045 1053 1120 1180]
540,540,DUSTIN JOHNSON,m,driver,down-the-line,0,[2410 2628 2642 2646 2656 2662 2665 2667 2691 2721]
541,541,DUSTIN JOHNSON,m,driver,down-the-line,1,[2991 3043 3092 3108 3147 3170 3180 3189 3247 3308]
542,542,JASON DAY,m,fairway,face-on,0,[186 217 231 236 244 247 250 252 266 326]
543,543,JASON DAY,m,fairway,other,0,[416 618 632 636 644 648 650 652 667 703]
544,544,JASON DAY,m,driver,down-the-line,0,[1063 1351 1364 1368 1378 1381 1384 1386 1396 1430]
545,545,JASON DAY,m,driver,face-on,0,[2180 2532 2546 2552 2558 2562 2565 2567 2579 2615]
546,546,JASON DAY,m,driver,face-on,1,[2890 3013 3068 3089 3117 3131 3143 3151 3200 3260]
547,547,JASON DAY,m,fairway,face-on,1,[5090 5185 5238 5258 5286 5298 5311 5319 5372 5432]
548,548,JASON DAY,m,driver,down-the-line,1,[5102 5179 5230 5247 5286 5299 5310 5319 5369 5399]
549,549,BRENDAN STEELE,m,fairway,other,0,[241 398 408 413 421 424 428 430 448 481]
550,550,BRENDAN STEELE,m,fairway,other,0,[691 732 772 788 820 837 850 859 925 985]
551,551,JENNY SHIN,f,driver,face-on,0,[121 477 496 501 513 518 522 524 541 571]
552,552,JENNY SHIN,f,driver,face-on,1,[ 901  956 1035 1051 1101 1121 1136 1145 1213 1243]
553,553,SANDRA GAL,f,driver,down-the-line,0,[211 376 392 396 409 414 417 420 442 503]
554,554,SANDRA GAL,f,driver,down-the-line,1,[ 683  784  833  851  906  922  936  945 1011 1041]
555,555,NATALIE GULBIS,f,driver,other,0,[571 729 745 748 760 765 769 772 801 861]
556,556,NATALIE GULBIS,f,driver,other,1,[ 981 1001 1060 1073 1118 1141 1154 1164 1246 1276]
557,557,BROOKE HENDERSON,f,iron,other,0,[241 509 524 528 536 539 543 546 559 589]
558,558,BROOKE HENDERSON,f,wedge,other,0,[1219 1569 1584 1589 1595 1598 1602 1605 1624 1654]
559,559,BROOKE HENDERSON,f,wedge,other,1,[2164 2627 2684 2701 2729 2743 2757 2770 2837 2867]
560,560,BROOKE HENDERSON,f,iron,other,1,[2567 2625 2683 2698 2729 2743 2757 2768 2815 2845]
561,561,TIM TEBOW,m,driver,face-on,0,[151 352 370 376 385 392 395 396 409 451]
562,562,TIM TEBOW,m,iron,face-on,0,[ 813  958  972  978  986  991  995  997 1010 1044]
563,563,TIM TEBOW,m,driver,other,0,[2094 2279 2294 2300 2308 2315 2318 2320 2332 2362]
564,564,TIM TEBOW,m,driver,face-on,0,[2872 3082 3098 3104 3113 3120 3122 3124 3137 3167]
565,565,TIM TEBOW,m,driver,face-on,1,[3437 3457 3520 3540 3580 3608 3617 3625 3662 3705]
566,566,MICHELLE WIE,f,driver,face-on,0,[407 591 601 608 613 616 620 622 643 673]
567,567,MICHELLE WIE,f,driver,face-on,1,[ 913  922  967  993 1013 1025 1040 1049 1119 1179]
568,568,SHANSHAN FENG,f,hybrid,down-the-line,0,[271 349 372 379 385 389 393 395 411 441]
569,569,SHANSHAN FENG,f,hybrid,down-the-line,1,[ 981 1092 1120 1144 1161 1170 1175 1184 1240 1300]
570,570,MARTIN KAYMER,m,driver,other,0,[241 408 419 422 429 433 436 438 458 495]
571,571,MARTIN KAYMER,m,driver,other,1,[1005 1073 1113 1124 1153 1169 1180 1188 1260 1290]
572,572,IAN POULTER,m,driver,other,0,[323 535 544 547 555 559 562 564 577 610]
573,573,IAN POULTER,m,driver,other,1,[ 790  857  891  903  935  949  961  970 1029 1089]
574,574,TROY MERRITT,m,driver,down-the-line,0,[421 605 618 622 632 636 640 642 663 693]
575,575,TROY MERRITT,m,driver,down-the-line,1,[ 963 1053 1099 1116 1157 1174 1186 1194 1258 1288]
576,576,AUSTIN ERNST,f,driver,down-the-line,0,[151 235 246 250 259 264 268 270 290 320]
577,577,AUSTIN ERNST,f,driver,down-the-line,1,[530 541 580 596 633 652 667 676 745 775]
578,578,LEXI THOMPSON,f,driver,down-the-line,0,[151 461 489 493 502 507 510 513 536 596]
579,579,LEXI THOMPSON,f,wedge,face-on,0,[686 906 920 924 933 937 940 944 969 999]
580,580,LEXI THOMPSON,f,wedge,down-the-line,0,[1089 1258 1268 1272 1281 1284 1288 1292 1305 1335]
581,581,LEXI THOMPSON,f,driver,down-the-line,0,[1635 1817 1832 1837 1847 1851 1854 1856 1883 1913]
582,582,COLIN MONTGOMERIE,m,driver,face-on,0,[211 319 330 334 343 346 350 352 374 404]
583,583,COLIN MONTGOMERIE,m,driver,face-on,1,[ 824  832  877  892  927  939  956  965 1040 1100]
584,584,JASON DUFNER,m,driver,face-on,0,[301 313 322 326 330 333 337 339 357 387]
585,585,JASON DUFNER,m,driver,face-on,1,[567 645 682 698 716 725 740 748 808 838]
586,586,JASON DUFNER,m,driver,down-the-line,0,[2008 2285 2294 2298 2303 2306 2309 2311 2329 2359]
587,587,JASON DUFNER,m,driver,down-the-line,1,[2599 2619 2652 2671 2689 2701 2714 2722 2784 2844]
588,588,SO YEON RYU,f,driver,down-the-line,0,[262 334 348 360 370 374 377 380 404 464]
589,589,SO YEON RYU,f,driver,down-the-line,1,[644 648 706 755 793 809 824 834 900 960]
590,590,SUZANN PETTERSEN,f,iron,down-the-line,0,[211 258 270 276 283 286 290 292 307 369]
591,591,SUZANN PETTERSEN,f,iron,down-the-line,1,[2759 2783 2827 2849 2877 2891 2904 2916 2974 3034]
592,592,GARY WOODLAND,m,driver,down-the-line,0,[181 434 452 457 466 469 472 474 487 519]
593,593,GARY WOODLAND,m,driver,face-on,1,[ 729  773  842  862  899  909  922  929  981 1041]
594,594,MO MARTIN,m,driver,down-the-line,0,[271 456 467 471 480 484 488 490 511 571]
595,595,MO MARTIN,m,driver,down-the-line,1,[ 841  877  918  933  969  985  998 1010 1073 1133]
596,596,MICHELLE WIE,f,fairway,other,0,[279 539 553 558 563 567 571 573 594 655]
597,597,MICHELLE WIE,f,fairway,other,1,[ 748  849  898  917  941  953  967  975 1053 1115]
598,598,CAROLINE MASSON,f,driver,down-the-line,0,[151 336 348 353 361 364 369 371 390 420]
599,599,CAROLINE MASSON,f,driver,down-the-line,1,[600 647 687 706 740 754 771 781 837 897]
600,600,TIGER WOODS,m,iron,other,0,[271 460 474 476 484 488 491 493 516 546]
601,601,TIGER WOODS,m,iron,other,1,[ 756  794  845  855  885  903  913  921  985 1045]
602,602,TIGER WOODS,m,iron,other,0,[2395 2554 2568 2571 2578 2582 2585 2587 2608 2638]
603,603,TIGER WOODS,m,iron,other,1,[2850 2890 2939 2951 2980 2997 3007 3015 3074 3134]
604,604,IK KIM,f,driver,down-the-line,0,[ 91 276 287 292 302 307 311 314 329 363]
605,605,IK KIM,f,driver,down-the-line,1,[465 484 529 551 592 611 626 635 706 766]
606,606,TIM CLARK,m,driver,down-the-line,0,[361 459 475 478 487 491 495 497 511 571]
607,607,TIM CLARK,m,driver,down-the-line,1,[ 721  781  829  843  880  897  911  919  966 1026]
608,608,TIM CLARK,m,driver,down-the-line,0,[2556 2788 2801 2804 2813 2817 2821 2823 2838 2868]
609,609,TIM CLARK,m,driver,down-the-line,1,[3048 3112 3164 3175 3213 3227 3242 3251 3300 3360]
610,610,ANNA NORDQVIST,f,driver,down-the-line,0,[ 61 116 129 136 142 145 150 153 166 218]
611,611,ANNA NORDQVIST,f,driver,down-the-line,1,[488 526 575 600 627 639 657 668 726 756]
612,612,MARK CALCAVECCHIA,m,driver,face-on,0,[ 91 281 297 300 309 314 317 319 335 365]
613,613,MARK CALCAVECCHIA,m,driver,face-on,1,[575 621 685 695 735 752 765 774 842 902]
614,614,ARIYA JUTANUGARN,f,iron,down-the-line,0,[121 309 328 333 341 344 348 351 373 403]
615,615,ARIYA JUTANUGARN,f,iron,down-the-line,1,[ 730  749  812  834  865  879  892  905  985 1015]
616,616,HENRIK STENSON,m,fairway,down-the-line,0,[272 536 544 547 553 556 559 561 577 607]
617,617,HENRIK STENSON,m,fairway,down-the-line,1,[697 771 802 814 839 853 865 873 929 959]
618,618,MATT KUCHAR,m,driver,face-on,0,[402 656 713 719 726 729 733 735 755 785]
619,619,MATT KUCHAR,m,driver,face-on,1,[1145 1355 1409 1431 1457 1473 1489 1497 1557 1587]
620,620,TOM LEHMAN,m,iron,other,0,[151 291 302 306 311 316 319 321 335 365]
621,621,TOM LEHMAN,m,iron,down-the-line,0,[1355 1714 1725 1729 1738 1742 1744 1758 1778 1808]
622,622,TOM LEHMAN,m,iron,down-the-line,1,[3582 3665 3702 3716 3736 3754 3766 3776 3826 3856]
623,623,TOM LEHMAN,m,iron,other,1,[3616 3660 3700 3714 3736 3753 3765 3776 3824 3854]
624,624,JOSE COCERES,m,driver,down-the-line,0,[121 184 196 202 207 210 213 215 236 266]
625,625,JOSE COCERES,m,driver,down-the-line,1,[476 525 566 584 605 620 631 641 714 744]
626,626,MICHELLE WIE,f,iron,face-on,0,[127 300 309 315 320 323 326 329 347 377]
627,627,MICHELLE WIE,f,iron,face-on,1,[707 731 772 798 814 825 840 850 913 943]
628,628,JUSTIN ROSE,m,driver,other,0,[211 545 565 571 579 582 586 588 605 635]
629,629,JUSTIN ROSE,m,driver,other,1,[ 815  823  906  929  962  977  989  997 1066 1096]
630,630,IN-GEE CHUN,f,driver,face-on,0,[331 565 585 593 605 609 613 615 636 666]
631,631,IN-GEE CHUN,f,driver,face-on,1,[ 816  832  909  939  982 1004 1018 1026 1102 1132]
632,632,TIGER WOODS,m,fairway,other,0,[451 636 647 651 658 662 665 667 683 713]
633,633,TIGER WOODS,m,fairway,other,0,[593 635 648 651 658 662 665 667 685 715]
634,634,TIGER WOODS,m,fairway,other,1,[ 985 1017 1060 1074 1105 1120 1131 1138 1191 1221]
635,635,TIGER WOODS,m,fairway,other,1,[ 981 1017 1063 1074 1105 1121 1132 1138 1199 1229]
636,636,TOMMY FLEETWOOD,m,iron,other,0,[151 358 369 373 381 386 388 391 405 435]
637,637,TOMMY FLEETWOOD,m,iron,other,1,[ 799  861  900  915  947  966  976  985 1030 1068]
638,638,PERNILLA LINDBERG,f,driver,down-the-line,0,[151 303 318 323 333 338 341 343 361 421]
639,639,PERNILLA LINDBERG,f,driver,down-the-line,1,[571 607 667 689 724 747 760 769 831 881]
640,640,MARK BROOKS,m,driver,face-on,0,[331 424 435 441 449 455 458 460 474 521]
641,641,MARK BROOKS,m,driver,face-on,1,[ 851  868  913  935  967  990 1005 1013 1065 1074]
642,642,AYAKO UEHARA,f,driver,down-the-line,0,[241 470 485 490 501 506 510 512 532 588]
643,643,AYAKO UEHARA,f,driver,down-the-line,1,[648 694 747 765 803 828 841 851 928 964]
644,644,AYAKO UEHARA,f,driver,down-the-line,0,[3124 3325 3340 3345 3354 3360 3363 3366 3390 3425]
645,645,AYAKO UEHARA,f,driver,down-the-line,1,[3695 3759 3801 3819 3856 3879 3894 3904 3986 4022]
646,646,JERRY KELLY,m,fairway,other,0,[ 61 126 139 143 151 155 159 161 181 241]
647,647,JERRY KELLY,m,fairway,other,1,[313 357 403 418 453 468 482 491 569 604]
648,648,MORGAN PRESSEL,f,iron,down-the-line,0,[391 435 449 454 464 467 471 474 495 557]
649,649,MORGAN PRESSEL,f,iron,down-the-line,1,[653 693 704 709 717 721 725 728 749 785]
650,650,MORGAN PRESSEL,f,driver,down-the-line,0,[3515 3746 3764 3768 3778 3783 3787 3789 3810 3875]
651,651,MORGAN PRESSEL,f,driver,down-the-line,1,[4355 4387 4440 4461 4499 4516 4531 4542 4606 4643]
652,652,DAVID DUVAL,m,fairway,other,0,[241 317 327 332 340 345 349 351 371 406]
653,653,DAVID DUVAL,m,fairway,other,1,[706 750 787 807 837 862 874 883 945 983]
654,654,JIM THORPE,m,driver,other,0,[125 215 228 233 239 244 247 249 261 308]
655,655,JIM THORPE,m,driver,other,1,[401 441 490 509 535 548 560 570 637 678]
656,656,MINJEE LEE,f,driver,face-on,0,[391 552 571 580 590 594 598 600 618 661]
657,657,MINJEE LEE,f,driver,face-on,1,[ 931  996 1065 1101 1141 1158 1172 1181 1256 1316]
658,658,JUSTIN THOMAS,m,fairway,down-the-line,0,[276 639 654 659 668 675 677 679 697 734]
659,659,JUSTIN THOMAS,m,fairway,down-the-line,1,[1124 1143 1186 1206 1244 1269 1279 1286 1345 1405]
660,660,ALLEN DOYLE,m,driver,other,0,[ 61 237 246 251 256 259 263 265 279 314]
661,661,ALLEN DOYLE,m,driver,other,1,[549 607 649 668 687 698 713 722 773 803]
662,662,LEXI THOMPSON,f,iron,down-the-line,0,[ 51 197 206 210 218 222 226 228 254 291]
663,663,LEXI THOMPSON,f,iron,down-the-line,1,[477 526 567 584 617 632 645 655 795 825]
664,664,RORY MCILROY,m,fairway,other,0,[ 32  43  54  58  65  69  72  74  92 129]
665,665,RORY MCILROY,m,fairway,other,1,[249 272 313 328 357 373 384 392 447 482]
666,666,BUD CAULEY,m,driver,down-the-line,0,[ 68 115 128 132 139 143 146 148 165 201]
667,667,BUD CAULEY,m,driver,down-the-line,1,[445 485 529 547 576 590 602 610 679 739]
668,668,TED POTTER JR,m,driver,down-the-line,0,[241 542 565 569 575 580 582 584 603 646]
669,669,TED POTTER JR,m,driver,down-the-line,1,[ 956 1006 1043 1059 1081 1101 1110 1119 1180 1218]
670,670,DUSTIN JOHNSON,m,driver,other,0,[323 483 494 497 508 514 516 518 531 585]
671,671,DUSTIN JOHNSON,m,driver,other,1,[ 735  821  861  872  918  942  951  959 1012 1042]
672,672,JULIETA GRANADA,f,driver,face-on,0,[121 181 196 202 210 214 218 220 237 292]
673,673,JULIETA GRANADA,f,driver,face-on,1,[477 522 577 601 634 649 665 675 733 768]
674,674,KARRIE WEBB,f,driver,face-on,0,[151 369 382 387 396 400 404 406 427 457]
675,675,KARRIE WEBB,f,driver,face-on,1,[677 728 773 797 831 847 862 872 942 978]
676,676,JOHNSON WAGNER,m,fairway,down-the-line,0,[331 383 393 399 405 407 410 412 440 494]
677,677,JOHNSON WAGNER,m,fairway,down-the-line,1,[ 794  886  908  925  940  952  962  961 1036 1071]
678,678,YANI TSENG,f,driver,face-on,0,[ 91 151 174 180 188 192 195 197 214 248]
679,679,YANI TSENG,f,driver,face-on,1,[428 462 553 579 610 624 636 645 708 741]
680,680,MIKE WEIR,m,driver,down-the-line,0,[ 961 1097 1107 1113 1120 1123 1126 1128 1146 1206]
681,681,MIKE WEIR,m,driver,down-the-line,1,[1697 1757 1797 1818 1847 1859 1872 1881 1950 2015]
682,682,RORY SABBATINI,m,driver,face-on,0,[151 314 328 334 345 350 353 355 372 402]
683,683,RORY SABBATINI,m,driver,face-on,1,[508 596 651 675 720 738 751 758 818 854]
684,684,RORY SABBATINI,m,driver,down-the-line,0,[2174 2323 2336 2342 2353 2358 2361 2363 2376 2418]
685,685,RORY SABBATINI,m,driver,down-the-line,1,[2678 2704 2749 2772 2822 2839 2851 2859 2917 2947]
686,686,HEE KYUNG SEO,f,driver,down-the-line,0,[241 294 310 320 329 335 338 341 364 403]
687,687,HEE KYUNG SEO,f,driver,down-the-line,0,[ 973 1000 1015 1025 1034 1040 1043 1046 1069 1116]
688,688,HEE KYUNG SEO,f,driver,down-the-line,1,[1176 1182 1198 1208 1217 1223 1226 1229 1253 1288]
689,689,RORY MCILROY,m,driver,down-the-line,0,[ 31 149 159 162 170 174 177 179 194 254]
690,690,RORY MCILROY,m,driver,down-the-line,1,[404 465 505 517 549 564 576 583 633 693]
691,691,STEVE PATE,m,driver,other,0,[271 326 341 348 365 369 373 375 394 433]
692,692,STEVE PATE,m,driver,other,1,[ 791  852  906  933 1006 1021 1035 1044 1095 1159]
693,693,PORNANONG PHATLUM,f,iron,face-on,0,[152 467 489 497 504 508 512 514 535 573]
694,694,PORNANONG PHATLUM,f,iron,face-on,1,[ 843  916 1004 1036 1066 1080 1094 1107 1186 1222]
695,695,RORY MCILROY,m,driver,down-the-line,0,[ 61 379 388 391 399 403 407 408 427 477]
696,696,RORY MCILROY,m,driver,down-the-line,0,[ 807  949  959  963  971  975  978  980 1008 1038]
697,697,RORY MCILROY,m,driver,down-the-line,1,[1338 1378 1418 1431 1465 1480 1492 1500 1554 1584]
698,698,RORY MCILROY,m,driver,down-the-line,1,[2789 2848 2888 2902 2934 2952 2964 2971 3031 3091]
699,699,JIN PARK,m,fairway,other,0,[271 540 553 557 569 574 577 579 608 668]
700,700,JIN PARK,m,fairway,other,1,[728 742 789 803 858 876 888 896 962 994]
701,701,CHARLEY HULL,f,driver,face-on,0,[631 856 867 872 879 882 886 888 902 945]
702,702,CHARLEY HULL,f,driver,face-on,1,[1125 1178 1218 1238 1265 1277 1292 1301 1355 1391]
703,703,HUNTER MAHAN,m,driver,down-the-line,0,[451 685 700 705 714 719 723 724 742 780]
704,704,HUNTER MAHAN,m,driver,face-on,1,[1050 1096 1152 1176 1209 1231 1244 1252 1314 1344]
705,705,HEE YOUNG PARK,f,driver,down-the-line,0,[361 483 496 503 511 514 518 521 542 592]
706,706,HEE YOUNG PARK,f,driver,down-the-line,1,[ 868  902  953  983 1012 1026 1041 1051 1123 1157]
707,707,ANGEL YIN,f,iron,down-the-line,0,[ 52 202 212 215 224 228 232 234 256 286]
708,708,ANGEL YIN,f,iron,down-the-line,1,[496 522 557 570 605 624 637 644 717 747]
709,709,CATRIONA MATTHEW,f,driver,other,0,[274 473 500 505 515 519 522 525 545 609]
710,710,CATRIONA MATTHEW,f,driver,other,1,[ 760  772  859  876  920  935  949  958 1032 1072]
711,711,STEWART CINK,m,driver,down-the-line,0,[331 838 858 862 869 873 876 878 899 959]
712,712,STEWART CINK,m,driver,other,1,[1208 1243 1331 1348 1378 1393 1405 1413 1483 1520]
713,713,BROOKE HENDERSON,f,iron,face-on,0,[333 437 457 462 469 472 476 479 495 527]
714,714,BROOKE HENDERSON,f,iron,face-on,1,[ 845  854  928  947  974  987 1002 1015 1058 1152]
715,715,MICHAEL THOMPSON,m,fairway,down-the-line,0,[362 760 773 778 784 788 791 793 808 870]
716,716,MICHAEL THOMPSON,m,fairway,down-the-line,1,[1080 1127 1173 1189 1215 1233 1245 1254 1310 1349]
717,717,CARL PETTERSSON,m,driver,other,0,[271 474 486 490 498 506 509 511 525 558]
718,718,CARL PETTERSSON,m,driver,other,1,[ 828  947  989 1003 1044 1069 1081 1090 1140 1200]
719,719,STEVEN BOWDITCH,m,driver,down-the-line,0,[151 261 272 276 282 286 289 291 304 347]
720,720,STEVEN BOWDITCH,m,driver,down-the-line,1,[497 536 568 585 609 626 638 646 691 733]
721,721,LIZETTE SALAS,f,driver,down-the-line,0,[301 650 668 675 684 687 691 693 712 753]
722,722,LIZETTE SALAS,f,driver,down-the-line,1,[ 903  934 1002 1032 1061 1076 1090 1100 1168 1203]
723,723,PORNANONG PHATLUM,f,driver,down-the-line,0,[162 393 410 419 429 431 435 437 453 482]
724,724,PORNANONG PHATLUM,f,driver,down-the-line,1,[ 692  737  809  845  877  890  908  918  981 1041]
725,725,JIMMY WALKER,m,driver,down-the-line,0,[122 156 166 171 179 184 187 189 207 243]
726,726,JIMMY WALKER,m,driver,down-the-line,1,[606 680 716 735 769 789 800 809 866 927]
727,727,MARK CALCAVECCHIA,m,driver,down-the-line,0,[143 367 379 383 392 396 399 402 415 455]
728,728,MARK CALCAVECCHIA,m,driver,down-the-line,1,[635 684 729 742 779 797 809 818 879 920]
729,729,MARK WILSON,m,fairway,other,0,[ 61 249 261 267 274 276 279 281 298 306]
730,730,MARK WILSON,m,fairway,down-the-line,1,[486 553 599 629 651 662 674 685 742 802]
731,731,SUZANN PETTERSEN,f,driver,face-on,0,[331 571 583 588 595 599 603 605 619 656]
732,732,SUZANN PETTERSEN,f,driver,face-on,1,[1046 1092 1140 1160 1190 1205 1219 1229 1286 1346]
733,733,YANI TSENG,f,driver,down-the-line,0,[144 163 188 194 199 203 207 209 225 261]
734,734,YANI TSENG,f,driver,down-the-line,1,[384 405 469 494 513 529 543 554 610 646]
735,735,DAVIS LOVE,m,driver,other,0,[241 407 419 421 430 435 438 440 454 487]
736,736,DAVIS LOVE,m,driver,other,1,[ 727  801  845  858  894  910  923  931 1014 1044]
737,737,SCOTT VERPLANK,m,driver,other,0,[211 480 493 497 504 508 512 514 535 538]
738,738,SCOTT VERPLANK,m,driver,other,1,[601 614 664 681 711 727 740 749 821 851]
739,739,RICHARD H LEE,m,fairway,other,0,[242 525 539 542 551 556 559 561 577 611]
740,740,RICHARD H LEE,m,fairway,other,1,[ 881  904  951  964 1001 1019 1030 1039 1102 1162]
741,741,JIM FURYK,m,driver,down-the-line,0,[ 721 1037 1049 1055 1062 1065 1069 1071 1090 1125]
742,742,JIM FURYK,m,driver,down-the-line,1,[1515 1530 1576 1599 1625 1639 1653 1662 1731 1767]
743,743,SCOTT BROWN,m,driver,down-the-line,0,[181 361 375 379 388 393 396 398 414 449]
744,744,SCOTT BROWN,m,driver,down-the-line,1,[ 809  864  918  936  965  987  999 1007 1063 1099]
745,745,DAVID DUVAL,m,iron,other,0,[301 426 436 441 449 454 457 460 480 540]
746,746,DAVID DUVAL,m,iron,other,1,[660 731 769 789 824 844 857 866 937 971]
747,747,ZACH JOHNSON,m,driver,face-on,0,[ 91 135 145 151 156 158 162 164 179 223]
748,748,ZACH JOHNSON,m,driver,face-on,1,[403 435 476 498 518 527 542 551 607 667]
749,749,CRISTIE KERR,f,driver,other,0,[ 991 1075 1089 1092 1105 1109 1113 1115 1132 1167]
750,750,CRISTIE KERR,f,driver,other,1,[1317 1358 1412 1419 1473 1491 1506 1515 1576 1617]
751,751,KARRIE WEBB,f,driver,down-the-line,0,[151 401 421 427 435 441 444 447 472 514]
752,752,KARRIE WEBB,f,driver,down-the-line,1,[ 664  695  750  771  809  827  843  852  942 1005]
753,753,SEI YOUNG KIM,f,hybrid,down-the-line,0,[151 295 309 316 327 331 335 337 355 392]
754,754,SEI YOUNG KIM,f,hybrid,down-the-line,1,[542 570 623 651 691 712 725 733 812 876]
755,755,GRAEME MCDOWELL,m,driver,face-on,0,[331 429 440 446 452 454 457 459 470 506]
756,756,GRAEME MCDOWELL,m,driver,face-on,0,[356 426 440 446 451 454 457 459 469 514]
757,757,GRAEME MCDOWELL,m,driver,face-on,1,[574 616 659 684 705 714 726 735 778 811]
758,758,GRAEME MCDOWELL,m,driver,face-on,1,[574 605 658 683 703 713 726 734 774 809]
759,759,GRAEME MCDOWELL,m,fairway,down-the-line,0,[2519 2624 2635 2641 2645 2649 2652 2654 2666 2700]
760,760,GRAEME MCDOWELL,m,driver,down-the-line,0,[2580 2620 2635 2641 2646 2648 2651 2654 2665 2700]
761,761,GRAEME MCDOWELL,m,fairway,down-the-line,1,[2760 2825 2862 2886 2906 2917 2929 2938 2984 3018]
762,762,GRAEME MCDOWELL,m,driver,down-the-line,1,[2774 2813 2863 2887 2904 2917 2929 2937 2988 3030]
763,763,RYAN PALMER,m,driver,face-on,0,[361 516 533 538 549 553 556 558 574 637]
764,764,RYAN PALMER,m,driver,face-on,0,[ 817  941  962  968  978  982  986  988 1003 1066]
765,765,RYAN PALMER,m,driver,face-on,1,[1636 1644 1715 1738 1779 1796 1809 1815 1872 1909]
766,766,RYAN PALMER,m,driver,face-on,1,[1619 1654 1717 1738 1777 1796 1809 1817 1876 1909]
767,767,INBEE PARK,f,driver,other,0,[301 550 574 582 596 600 604 607 632 675]
768,768,INBEE PARK,f,driver,other,1,[ 885  910 1009 1038 1093 1114 1127 1137 1235 1298]
769,769,MORIYA JUTANUGARN,f,driver,down-the-line,0,[ 61  95 112 117 127 130 134 137 154 197]
770,770,MORIYA JUTANUGARN,f,driver,down-the-line,1,[257 289 347 371 410 422 437 447 516 553]
771,771,LEXI THOMPSON,f,driver,down-the-line,0,[ 32 110 122 126 136 140 143 145 167 222]
772,772,LEXI THOMPSON,f,driver,down-the-line,1,[372 425 470 490 524 540 554 563 643 708]
773,773,PAULA CREAMER,f,driver,face-on,0,[181 249 268 272 278 280 284 287 302 340]
774,774,PAULA CREAMER,f,driver,face-on,1,[610 657 732 748 772 783 799 809 875 905]
775,775,STEVE LOWERY,m,driver,other,0,[301 449 458 462 469 473 477 479 498 532]
776,776,STEVE LOWERY,m,driver,other,1,[652 685 721 736 766 783 796 805 869 901]
777,777,CARLOTA CIGANDA,f,fairway,face-on,0,[151 363 381 384 394 399 402 404 426 464]
778,778,CARLOTA CIGANDA,f,fairway,face-on,1,[ 674  735  804  817  857  876  888  897  979 1040]
779,779,IAN POULTER,m,driver,down-the-line,0,[ 751 1041 1051 1054 1062 1065 1068 1071 1084 1123]
780,780,IAN POULTER,m,driver,down-the-line,1,[1213 1229 1264 1277 1308 1322 1334 1342 1399 1438]
781,781,ANNA NORDQVIST,f,driver,face-on,0,[361 496 511 518 524 528 532 535 549 595]
782,782,ANNA NORDQVIST,f,driver,face-on,1,[ 835  883  940  964  990 1005 1022 1032 1086 1146]
783,783,AZAHARA MUNOZ,f,driver,down-the-line,0,[241 528 542 547 555 560 564 567 584 629]
784,784,AZAHARA MUNOZ,f,driver,down-the-line,1,[ 809  884  932  956  989 1008 1022 1032 1095 1134]
785,785,BILLY HORSCHEL,m,driver,face-on,0,[211 396 414 419 425 429 432 434 449 483]
786,786,BILLY HORSCHEL,m,driver,face-on,1,[ 753  804  870  891  915  928  941  949 1011 1071]
787,787,BILLY HORSCHEL,m,driver,down-the-line,0,[2421 2661 2682 2687 2694 2697 2700 2703 2720 2753]
788,788,BILLY HORSCHEL,m,driver,down-the-line,1,[3053 3101 3161 3181 3208 3223 3235 3243 3306 3366]
789,789,MINJEE LEE,f,driver,face-on,0,[ 91 177 191 200 209 214 217 219 236 266]
790,790,MINJEE LEE,f,driver,face-on,1,[566 582 640 675 713 730 744 753 819 879]
791,791,RORY MCILROY,m,driver,face-on,0,[181 406 416 419 426 431 434 435 449 509]
792,792,RORY MCILROY,m,driver,face-on,1,[659 755 793 805 833 850 863 870 924 954]
793,793,BEN KOHLES,m,driver,other,0,[311 550 566 571 578 582 585 587 600 635]
794,794,BEN KOHLES,m,driver,down-the-line,1,[ 759  814  862  882  915  929  941  951 1005 1036]
795,795,BUBBA WATSON,m,iron,down-the-line,0,[161 348 364 367 376 382 385 387 398 444]
796,796,BUBBA WATSON,m,iron,face-on,0,[684 822 832 835 844 849 853 855 874 910]
797,797,BUBBA WATSON,m,driver,other,0,[1900 1951 1964 1966 1977 1983 1986 1987 1998 2049]
798,798,BUBBA WATSON,m,driver,other,0,[2349 2512 2524 2526 2538 2544 2547 2548 2562 2592]
799,799,BUBBA WATSON,m,driver,other,0,[2712 2753 2764 2766 2778 2784 2786 2788 2800 2835]
800,800,BUBBA WATSON,m,iron,face-on,0,[3315 3362 3373 3375 3386 3391 3394 3396 3409 3469]
801,801,BUBBA WATSON,m,driver,face-on,0,[4219 4417 4428 4430 4441 4447 4450 4451 4465 4532]
802,802,BUBBA WATSON,m,driver,down-the-line,0,[4742 4826 4840 4843 4854 4860 4862 4864 4875 4910]
803,803,CHARLEY HOFFMAN,m,driver,face-on,0,[121 267 280 286 291 294 298 300 322 355]
804,804,CHARLEY HOFFMAN,m,driver,face-on,1,[625 690 738 757 778 791 807 816 897 957]
805,805,LYDIA KO,f,fairway,down-the-line,0,[151 562 583 589 597 602 606 608 628 662]
806,806,LYDIA KO,f,fairway,down-the-line,1,[ 932  945 1018 1042 1079 1096 1110 1119 1183 1243]
807,807,MICHELLE WIE,f,iron,down-the-line,0,[ 61 154 167 173 180 185 188 191 204 234]
808,808,MICHELLE WIE,f,iron,down-the-line,1,[684 738 791 811 841 861 874 884 932 939]
809,809,GEOFF OGILVY,m,iron,other,0,[361 574 584 590 597 602 605 607 626 666]
810,810,GEOFF OGILVY,m,iron,other,0,[1176 1261 1270 1275 1283 1287 1291 1293 1311 1372]
811,811,GEOFF OGILVY,m,iron,other,1,[1702 1879 1916 1936 1967 1984 1996 2005 2067 2102]
812,812,SEI YOUNG KIM,f,iron,down-the-line,0,[241 589 604 611 621 626 629 631 656 693]
813,813,SEI YOUNG KIM,f,iron,down-the-line,1,[1114 1151 1201 1228 1266 1287 1300 1309 1402 1441]
814,814,RICKIE FOWLER,m,driver,other,0,[151 317 327 331 337 341 344 346 362 401]
815,815,RICKIE FOWLER,m,driver,other,1,[ 701  762  801  818  843  856  869  876  938 1015]
816,816,DA POINTS,m,fairway,other,0,[121 216 227 232 238 243 246 249 267 417]
817,817,DA POINTS,m,fairway,other,1,[537 551 593 609 636 656 668 676 742 842]
818,818,RICKIE FOWLER,m,driver,other,0,[ 91 409 419 424 430 434 437 439 458 492]
819,819,RICKIE FOWLER,m,driver,other,1,[582 637 675 692 718 733 747 755 819 879]
820,820,ALISON WALSHE,f,driver,down-the-line,0,[151 426 459 468 481 484 488 491 511 548]
821,821,ALISON WALSHE,f,driver,down-the-line,1,[ 848  889 1013 1045 1098 1115 1131 1139 1211 1241]
822,822,JESSICA KORDA,f,driver,face-on,0,[331 542 560 568 577 582 585 588 608 615]
823,823,JESSICA KORDA,f,driver,face-on,1,[ 855  918  991 1022 1058 1076 1090 1099 1174 1205]
824,824,CRISTIE KERR,f,driver,down-the-line,0,[ 63 139 157 159 170 176 180 182 201 237]
825,825,CRISTIE KERR,f,driver,down-the-line,1,[299 328 387 397 445 465 480 489 554 597]
826,826,HYO JOO KIM,f,fairway,down-the-line,0,[151 399 413 417 427 433 436 439 459 493]
827,827,HYO JOO KIM,f,fairway,down-the-line,1,[ 913  948 1005 1021 1062 1083 1097 1107 1178 1210]
828,828,BROOKE HENDERSON,f,iron,face-on,0,[ 61 402 421 425 432 435 439 441 455 486]
829,829,BROOKE HENDERSON,f,iron,face-on,0,[ 816  832  905  922  947  961  975  985 1027 1057]
830,830,TIGER WOODS,m,driver,face-on,0,[661 845 857 860 867 871 874 876 893 927]
831,831,TIGER WOODS,m,driver,face-on,1,[1317 1360 1408 1419 1448 1464 1476 1483 1541 1601]
832,832,ROSS FISHER,m,hybrid,down-the-line,0,[ 61 151 161 164 171 175 177 179 194 228]
833,833,ROSS FISHER,m,hybrid,down-the-line,1,[348 375 412 429 455 469 479 488 539 579]
834,834,ANNA NORDQVIST,f,driver,other,0,[151 259 274 279 286 290 294 297 308 341]
835,835,ANNA NORDQVIST,f,driver,other,1,[581 608 664 679 713 727 742 753 801 833]
836,836,GRAHAM DELAET,m,driver,face-on,0,[155 329 340 343 350 355 358 360 373 409]
837,837,GRAHAM DELAET,m,driver,face-on,1,[686 721 769 779 811 829 841 849 899 935]
838,838,GRAHAM DELAET,m,driver,down-the-line,0,[2051 2280 2291 2294 2302 2307 2309 2311 2324 2359]
839,839,GRAHAM DELAET,m,driver,down-the-line,1,[2636 2648 2690 2700 2734 2752 2762 2770 2816 2854]
840,840,IK KIM,f,driver,down-the-line,0,[155 324 337 342 351 356 360 363 380 413]
841,841,IK KIM,f,driver,down-the-line,1,[567 614 659 682 717 735 751 761 829 866]
842,842,LUKE DONALD,m,driver,face-on,0,[242 460 475 479 486 491 494 496 520 558]
843,843,LUKE DONALD,m,driver,face-on,1,[ 763  822  873  888  919  935  948  955 1052 1088]
844,844,BRITTANY LINCICOME,f,driver,face-on,0,[121 210 249 254 259 261 265 267 284 318]
845,845,BRITTANY LINCICOME,f,driver,face-on,1,[558 578 730 749 771 780 794 804 871 904]
846,846,INBEE PARK,f,driver,face-on,0,[476 537 565 579 592 596 600 602 632 667]
847,847,ARIYA JUTANUGARN,f,iron,down-the-line,0,[181 703 721 727 733 738 741 745 768 804]
848,848,ARIYA JUTANUGARN,f,iron,down-the-line,1,[1074 1131 1188 1212 1239 1255 1269 1284 1364 1426]
849,849,JERRY KELLY,m,driver,face-on,0,[121 403 419 425 433 437 440 442 457 505]
850,850,JERRY KELLY,m,driver,face-on,1,[685 716 779 799 832 847 863 871 928 969]
851,851,JERRY KELLY,m,driver,down-the-line,0,[2169 2370 2387 2391 2401 2405 2408 2410 2428 2467]
852,852,JERRY KELLY,m,driver,down-the-line,1,[2707 2768 2828 2849 2887 2901 2914 2923 2981 3027]
853,853,TIGER WOODS,m,driver,other,0,[151 345 358 362 369 373 376 378 394 444]
854,854,TIGER WOODS,m,driver,other,1,[684 724 775 790 816 833 845 853 911 950]
855,855,LYDIA KO,f,driver,down-the-line,0,[ 32 381 404 411 422 426 430 432 456 469]
856,856,LYDIA KO,f,driver,face-on,0,[352 382 405 412 423 427 430 432 456 464]
857,857,LYDIA KO,f,driver,down-the-line,1,[554 634 724 746 792 809 825 835 913 953]
858,858,LYDIA KO,f,driver,face-on,1,[563 634 727 752 793 813 827 836 913 947]
859,859,LYDIA KO,f,driver,face-on,0,[3797 4275 4302 4309 4318 4321 4325 4327 4347 4356]
860,860,LYDIA KO,f,driver,down-the-line,0,[4206 4277 4302 4308 4316 4321 4325 4327 4347 4361]
861,861,LYDIA KO,f,driver,face-on,1,[4451 4510 4613 4639 4674 4689 4703 4713 4790 4826]
862,862,LYDIA KO,f,driver,down-the-line,1,[4496 4520 4611 4638 4670 4689 4705 4714 4789 4829]
863,863,CANDIE KUNG,f,driver,other,0,[530 544 556 560 569 574 578 580 601 640]
864,864,CANDIE KUNG,f,driver,other,1,[ 760  788  836  849  885  905  919  928 1010 1043]
865,865,RETIEF GOOSEN,m,driver,down-the-line,0,[331 612 631 635 643 647 650 652 671 710]
866,866,RETIEF GOOSEN,m,driver,down-the-line,1,[1130 1191 1234 1249 1283 1299 1312 1320 1394 1434]
867,867,MORGAN PRESSEL,f,driver,down-the-line,0,[ 91 140 157 161 169 174 177 180 199 239]
868,868,MORGAN PRESSEL,f,driver,down-the-line,1,[389 395 458 473 512 526 539 550 627 657]
869,869,SEAN OHAIR,m,driver,face-on,0,[151 312 330 336 345 351 355 357 372 413]
870,870,SEAN OHAIR,m,driver,face-on,1,[623 654 726 749 788 811 824 832 893 932]
871,871,JULI INKSTER,f,driver,down-the-line,0,[301 431 452 454 467 471 475 478 509 550]
872,872,JULI INKSTER,f,driver,down-the-line,1,[ 730  816  902  913  961  979  992 1004 1100 1152]
873,873,HENRIK STENSON,m,fairway,down-the-line,0,[241 512 520 523 530 533 536 538 553 597]
874,874,HENRIK STENSON,m,fairway,down-the-line,1,[687 738 769 780 806 820 831 841 898 931]
875,875,MATT KUCHAR,m,driver,face-on,0,[301 550 593 599 605 609 613 615 637 672]
876,876,MATT KUCHAR,m,driver,face-on,1,[ 822  910 1041 1064 1088 1104 1118 1126 1207 1247]
877,877,MICHELLE WIE,f,driver,face-on,0,[211 538 550 556 561 565 568 570 588 598]
878,878,MICHELLE WIE,f,driver,face-on,1,[1131 2167 2216 2238 2260 2273 2286 2296 2363 2406]
879,879,JUSTIN ROSE,m,driver,other,0,[721 872 895 900 908 912 915 917 935 969]
880,880,TIGER WOODS,m,fairway,other,0,[849 886 899 902 909 913 916 918 936 972]
881,881,JUSTIN ROSE,m,driver,other,1,[1092 1124 1208 1231 1261 1277 1288 1298 1366 1400]
882,882,TIGER WOODS,m,fairway,other,1,[1100 1174 1221 1234 1263 1278 1290 1297 1359 1393]
883,883,RORY MCILROY,m,fairway,other,0,[181 435 444 448 455 460 463 465 483 522]
884,884,RORY MCILROY,m,fairway,other,1,[ 822  860  899  911  941  961  972  979 1045 1105]
885,885,CRISTIE KERR,f,driver,face-on,0,[511 697 716 718 730 735 739 741 759 794]
886,886,CRISTIE KERR,f,driver,face-on,1,[ 974  988 1058 1067 1111 1133 1148 1158 1228 1262]
887,887,DICKY PRIDE,m,fairway,other,0,[511 541 553 556 565 569 572 574 594 635]
888,888,DICKY PRIDE,m,fairway,other,1,[ 755  809  853  867  902  919  931  941 1018 1059]
889,889,JUSTIN LEONARD,m,driver,face-on,0,[669 670 684 689 695 700 703 705 722 760]
890,890,JUSTIN LEONARD,m,driver,face-on,1,[1030 1106 1161 1183 1207 1226 1239 1249 1311 1345]
891,891,KARRIE WEBB,f,driver,other,0,[641 881 893 897 907 912 916 918 937 973]
892,892,KARRIE WEBB,f,driver,other,1,[1423 1458 1499 1514 1554 1574 1587 1597 1660 1691]
893,893,GREG NORMAN,m,driver,face-on,0,[421 467 480 483 491 496 499 501 514 549]
894,894,GREG NORMAN,m,driver,face-on,1,[ 789  847  899  908  939  959  973  982 1031 1070]
895,895,ERNIE ELS,m,fairway,other,0,[271 560 572 577 584 590 593 596 619 653]
896,896,ERNIE ELS,m,fairway,other,1,[ 930  965 1015 1031 1060 1086 1099 1107 1193 1239]
897,897,ANDRES ROMERO,m,fairway,down-the-line,0,[301 399 413 416 425 431 434 436 452 487]
898,898,ANDRES ROMERO,m,fairway,down-the-line,1,[667 720 772 787 820 844 856 864 932 972]
899,899,HEE YOUNG PARK,f,wedge,face-on,0,[211 426 441 448 455 460 463 467 484 519]
900,900,HEE YOUNG PARK,f,wedge,face-on,1,[ 909  940  997 1022 1050 1070 1084 1100 1172 1206]
901,901,CHARLES HOWELL,m,driver,other,0,[121 462 476 480 487 491 494 496 511 553]
902,902,CHARLES HOWELL,m,driver,other,1,[ 733  803  856  869  899  916  928  936  991 1034]
903,903,LYDIA KO,f,driver,down-the-line,0,[121 181 199 205 221 227 231 233 255 292]
904,904,MICHELLE WIE,f,driver,down-the-line,0,[142 182 193 199 205 208 212 214 231 268]
905,905,LYDIA KO,f,driver,down-the-line,1,[448 541 609 635 696 724 736 746 826 860]
906,906,MICHELLE WIE,f,driver,down-the-line,1,[500 543 587 607 630 647 661 669 739 776]
907,907,LIZETTE SALAS,f,driver,face-on,0,[181 391 408 414 421 424 428 430 447 481]
908,908,LIZETTE SALAS,f,driver,face-on,1,[ 721  756  821  842  871  883  899  907  976 1013]
909,909,KARINE ICHER,f,driver,face-on,0,[ 31  49  62  66  77  83  87  89 104 144]
910,910,KARINE ICHER,f,driver,face-on,1,[234 243 299 315 357 380 395 404 465 504]
911,911,JENNY SHIN,f,driver,face-on,0,[154 156 182 186 196 201 205 207 225 288]
912,912,JENNY SHIN,f,driver,face-on,1,[438 495 559 576 616 634 649 659 737 773]
913,913,BAEK KYU JUNG,f,driver,face-on,0,[543 647 660 669 674 678 682 684 705 739]
914,914,BAEK KYU JUNG,f,driver,face-on,1,[1040 1087 1142 1175 1197 1212 1228 1238 1320 1352]
915,915,MARK WILSON,m,driver,down-the-line,0,[121 202 215 221 230 232 236 238 253 312]
916,916,MARK WILSON,m,driver,down-the-line,1,[462 507 556 583 616 627 640 648 714 747]
917,917,GREG CHALMERS,m,driver,down-the-line,0,[ 61 114 130 135 142 146 149 151 167 208]
918,918,GREG CHALMERS,m,driver,down-the-line,1,[358 393 444 461 494 506 521 530 582 675]
919,919,SEAN OHAIR,m,driver,face-on,0,[181 431 447 454 461 467 470 472 486 524]
920,920,SEAN OHAIR,m,driver,face-on,1,[674 750 810 835 869 887 901 909 964 999]
921,921,CARL PETTERSSON,m,driver,other,0,[451 509 522 527 535 543 546 548 564 600]
922,922,CARL PETTERSSON,m,driver,other,1,[ 900  940  988 1005 1045 1070 1083 1092 1146 1180]
923,923,JUSTIN ROSE,m,fairway,down-the-line,0,[211 504 519 525 532 537 540 542 561 596]
924,924,JUSTIN ROSE,m,fairway,down-the-line,1,[ 866  879  935  957  989 1008 1019 1027 1091 1129]
925,925,LEXI THOMPSON,f,iron,face-on,0,[121 251 264 268 276 281 284 288 313 348]
926,926,LEXI THOMPSON,f,iron,face-on,1,[468 486 541 557 591 608 620 636 728 762]
927,927,ADAM SCOTT,m,driver,other,0,[361 545 559 562 570 576 578 580 593 628]
928,928,PADRAIG HARRINGTON,m,driver,other,0,[448 545 556 559 566 569 572 574 589 626]
929,929,ADAM SCOTT,m,driver,other,1,[746 783 833 847 883 902 913 921 961 971]
930,930,PADRAIG HARRINGTON,m,driver,other,1,[735 780 824 836 862 876 889 897 949 986]
931,931,KARINE ICHER,f,driver,down-the-line,0,[456 703 716 720 731 737 741 743 758 798]
932,932,KARINE ICHER,f,driver,down-the-line,1,[ 948  960 1010 1026 1070 1094 1108 1118 1178 1219]
933,933,CATRIONA MATTHEW,f,hybrid,face-on,0,[181 334 351 355 362 365 369 371 390 425]
934,934,CATRIONA MATTHEW,f,hybrid,face-on,1,[605 652 720 738 765 778 792 802 884 922]
935,935,MICHELLE WIE,f,driver,face-on,0,[241 451 464 470 477 482 486 488 505 541]
936,936,MICHELLE WIE,f,driver,face-on,1,[ 841  898  950  974 1006 1023 1037 1045 1115 1149]
937,937,MATT KUCHAR,m,driver,down-the-line,0,[ 66 168 201 208 214 218 221 224 238 281]
938,938,MATT KUCHAR,m,driver,down-the-line,1,[461 521 611 636 662 677 691 699 759 798]
939,939,PAULA CREAMER,f,iron,other,0,[211 347 366 370 378 381 385 387 406 440]
940,940,PAULA CREAMER,f,iron,other,1,[620 641 708 725 756 771 783 791 866 900]
941,941,JOHN DALY,m,driver,down-the-line,0,[151 277 290 293 302 307 310 313 325 360]
942,942,JOHN DALY,m,driver,down-the-line,1,[600 623 670 683 720 741 753 761 809 846]
943,943,JOHN DALY,m,driver,down-the-line,0,[2915 2945 2995 3006 3043 3062 3075 3083 3141 3182]
944,944,JOHN DALY,m,driver,down-the-line,1,[3272 3282 3379 3398 3474 3512 3537 3553 3668 3698]
945,945,JONAS BLIXT,m,driver,down-the-line,0,[241 548 559 563 570 574 577 579 594 630]
946,946,JONAS BLIXT,m,driver,down-the-line,1,[ 880  906  948  961  990 1007 1019 1027 1087 1124]
947,947,JONAS BLIXT,m,driver,face-on,0,[2444 2866 2877 2881 2887 2891 2895 2896 2913 2953]
948,948,JONAS BLIXT,m,driver,face-on,1,[3163 3225 3266 3283 3309 3324 3337 3345 3406 3441]
949,949,CHARLES HOWELL,m,driver,down-the-line,0,[361 711 727 731 738 743 746 748 761 796]
950,950,CHARLES HOWELL,m,driver,down-the-line,1,[1205 1236 1298 1312 1343 1360 1372 1380 1436 1470]
951,951,ADAM SCOTT,m,iron,other,0,[391 508 520 524 531 536 539 541 561 597]
952,952,TIGER WOODS,m,iron,other,0,[477 511 522 525 531 536 539 541 558 593]
953,953,ADAM SCOTT,m,iron,other,1,[ 953  987 1031 1046 1076 1096 1107 1115 1163 1199]
954,954,TIGER WOODS,m,iron,other,1,[ 959  996 1037 1051 1078 1097 1107 1115 1177 1216]
955,955,ADAM SCOTT,m,iron,other,0,[3286 3351 3363 3367 3374 3379 3382 3384 3402 3437]
956,956,TIGER WOODS,m,iron,other,0,[3287 3353 3365 3368 3375 3379 3382 3384 3400 3435]
957,957,ADAM SCOTT,m,iron,other,1,[3555 3585 3628 3642 3673 3693 3704 3712 3778 3797]
958,958,TIGER WOODS,m,iron,other,1,[3527 3591 3634 3646 3675 3694 3704 3712 3776 3813]
959,959,RICKIE FOWLER,m,fairway,other,0,[511 774 783 788 794 797 800 803 819 859]
960,960,RICKIE FOWLER,m,fairway,other,1,[ 979  981 1016 1033 1059 1070 1084 1092 1160 1176]
961,961,MORIYA JUTANUGARN,f,driver,face-on,0,[301 537 558 564 572 576 580 582 601 657]
962,962,MORIYA JUTANUGARN,f,driver,face-on,1,[ 897  931 1007 1033 1066 1081 1095 1104 1180 1215]
963,963,JUSTIN THOMAS,m,iron,down-the-line,0,[181 365 377 382 391 396 399 401 416 453]
964,964,JUSTIN THOMAS,m,iron,down-the-line,1,[513 600 647 667 701 726 736 745 807 841]
965,965,MATTEO MANASSERO,m,hybrid,other,0,[391 481 491 495 500 504 507 510 529 563]
966,966,MATTEO MANASSERO,m,hybrid,other,1,[623 638 675 692 716 731 743 752 821 851]
967,967,BROOKE HENDERSON,f,hybrid,down-the-line,0,[241 570 589 593 601 606 609 611 629 686]
968,968,BROOKE HENDERSON,f,hybrid,down-the-line,1,[1376 1426 1494 1510 1542 1559 1573 1582 1644 1674]
969,969,MORGAN PRESSEL,f,driver,face-on,0,[ 61 244 261 265 273 278 282 284 305 342]
970,970,MORGAN PRESSEL,f,driver,face-on,1,[462 475 542 557 590 610 622 632 709 740]
971,971,GARY WOODLAND,m,driver,face-on,0,[121 345 367 373 382 386 389 391 407 444]
972,972,GARY WOODLAND,m,driver,face-on,1,[507 517 597 620 663 674 688 695 761 797]
973,973,KATHERINE HULL,f,driver,other,0,[115 246 262 268 277 281 284 286 302 340]
974,974,KATHERINE HULL,f,driver,other,1,[550 591 656 677 713 730 742 753 813 866]
975,975,HEE YOUNG PARK,f,driver,face-on,0,[151 319 333 339 346 350 354 356 378 402]
976,976,HEE YOUNG PARK,f,driver,face-on,1,[ 831  880  935  960  989 1004 1020 1029 1114 1148]
977,977,MICHELLE WIE,f,fairway,face-on,0,[391 737 750 756 761 764 768 770 793 841]
978,978,MICHELLE WIE,f,fairway,face-on,1,[ 998 1066 1118 1141 1162 1175 1189 1198 1287 1322]
979,979,SEI YOUNG KIM,f,fairway,down-the-line,0,[331 374 387 393 402 407 411 413 433 465]
980,980,SEI YOUNG KIM,f,fairway,down-the-line,1,[ 705  763  815  838  876  895  909  918  997 1028]
981,981,DUSTIN JOHNSON,m,fairway,down-the-line,0,[ 61 166 182 186 194 200 203 205 223 267]
982,982,DUSTIN JOHNSON,m,fairway,down-the-line,1,[425 472 527 544 578 603 613 621 689 719]
983,983,DUSTIN JOHNSON,m,fairway,other,0,[ 61 112 125 129 137 144 147 148 167 201]
984,984,DUSTIN JOHNSON,m,fairway,other,1,[351 383 439 453 488 513 523 531 611 645]
985,985,LYDIA KO,f,fairway,face-on,0,[ 91 691 714 720 730 735 738 740 759 792]
986,986,LYDIA KO,f,fairway,face-on,1,[1062 1114 1165 1180 1204 1217 1225 1231 1284 1315]
987,987,DA POINTS,m,driver,down-the-line,0,[481 632 642 647 653 658 661 663 681 714]
988,988,DA POINTS,m,driver,down-the-line,1,[1284 1306 1346 1366 1393 1410 1422 1431 1499 1529]
989,989,JODI EWART,f,driver,down-the-line,0,[ 61 147 164 170 179 185 188 190 210 243]
990,990,JODI EWART,f,driver,down-the-line,1,[423 452 521 541 580 613 623 699 704 764]
991,991,SEI YOUNG KIM,f,driver,face-on,0,[121 295 311 318 330 335 338 340 365 403]
992,992,SEI YOUNG KIM,f,driver,face-on,1,[613 654 718 745 791 811 825 833 911 947]
993,993,TIGER WOODS,m,fairway,other,0,[451 625 637 640 647 651 654 656 672 704]
994,994,TIGER WOODS,m,fairway,other,1,[ 944  988 1033 1046 1076 1092 1103 1110 1176 1206]
995,995,TONY FINAU,m,iron,face-on,0,[ 601 1031 1065 1071 1075 1078 1082 1085 1099 1134]
996,996,TONY FINAU,m,iron,face-on,1,[1404 1454 1583 1605 1622 1633 1647 1660 1713 1750]
997,997,RORY SABBATINI,m,driver,other,0,[331 484 499 505 518 523 526 528 542 579]
998,998,RORY SABBATINI,m,driver,other,1,[ 789  816  868  891  942  961  974  982 1036 1066]
999,999,RORY MCILROY,m,iron,down-the-line,0,[301 524 536 540 545 551 554 556 577 612]
1000,1000,RORY MCILROY,m,iron,down-the-line,1,[1482 1631 1684 1701 1727 1744 1756 1764 1843 1873]
1001,1001,MICHELLE WIE,f,hybrid,down-the-line,0,[121 129 141 147 153 157 161 163 178 212]
1002,1002,MICHELLE WIE,f,hybrid,down-the-line,1,[482 519 566 590 614 629 643 652 712 742]
1003,1003,JUSTIN THOMAS,m,driver,face-on,0,[181 372 409 413 423 428 431 432 444 478]
1004,1004,JUSTIN THOMAS,m,driver,face-on,1,[718 779 824 843 879 900 912 919 967 997]
1005,1005,PAULA CREAMER,f,driver,face-on,0,[181 331 351 355 362 366 369 372 389 422]
1006,1006,PAULA CREAMER,f,driver,face-on,1,[662 703 781 799 828 840 855 865 934 964]
1007,1007,ARIYA JUTANUGARN,f,fairway,face-on,0,[151 168 189 195 203 207 210 213 235 265]
1008,1008,ARIYA JUTANUGARN,f,fairway,face-on,1,[595 646 727 749 782 797 810 819 920 950]
1009,1009,DANIEL BERGER,m,iron,other,0,[631 871 881 884 893 899 902 904 920 961]
1010,1010,DANIEL BERGER,m,iron,other,1,[1291 1368 1408 1420 1457 1483 1493 1501 1561 1594]
1011,1011,BRANDT SNEDEKER,m,iron,face-on,0,[241 373 383 388 394 398 401 403 424 462]
1012,1012,BRANDT SNEDEKER,m,iron,face-on,1,[672 707 745 764 784 803 816 825 910 942]
1013,1013,PETER JACOBSON,m,driver,face-on,0,[451 508 521 524 533 538 542 544 560 596]
1014,1014,PETER JACOBSON,m,iron,face-on,0,[ 926 1045 1057 1060 1068 1074 1077 1079 1097 1131]
1015,1015,PETER JACOBSON,m,iron,face-on,0,[1491 1649 1660 1664 1672 1678 1681 1684 1705 1738]
1016,1016,PETER JACOBSON,m,iron,face-on,1,[2128 2223 2268 2283 2314 2336 2351 2364 2447 2477]
1017,1017,PETER JACOBSON,m,iron,face-on,1,[2147 2223 2268 2284 2313 2336 2350 2360 2434 2494]
1018,1018,PETER JACOBSON,m,driver,face-on,1,[4024 4067 4117 4133 4165 4188 4203 4211 4271 4301]
1019,1019,PETER JACOBSON,m,iron,face-on,1,[4031 4074 4119 4132 4164 4187 4202 4215 4295 4328]
1020,1020,BEATRIZ RECARI,f,driver,down-the-line,0,[451 761 776 780 788 791 795 798 818 851]
1021,1021,BEATRIZ RECARI,f,driver,down-the-line,1,[1221 1253 1312 1328 1360 1372 1388 1398 1482 1542]
1022,1022,JOHN DALY,m,driver,face-on,0,[ 91 228 242 245 254 258 262 263 280 316]
1023,1023,JOHN DALY,m,driver,face-on,1,[647 697 751 763 797 814 828 836 895 932]
1024,1024,ARIYA JUTANUGARN,f,wedge,other,0,[ 32 124 142 149 154 157 161 164 184 219]
1025,1025,ARIYA JUTANUGARN,f,wedge,other,1,[429 464 530 557 578 592 608 619 683 743]
1026,1026,SUNG HYUN PARK,f,hybrid,down-the-line,0,[301 556 567 572 581 586 590 592 606 644]
1027,1027,SUNG HYUN PARK,f,hybrid,down-the-line,1,[ 761  791  833  854  891  910  924  932  991 1028]
1028,1028,PATRICK RODGERS,m,driver,face-on,0,[151 191 202 205 212 217 220 222 235 268]
1029,1029,PATRICK RODGERS,m,driver,face-on,1,[478 491 532 544 576 592 606 613 665 695]
1030,1030,AMELIA LEWIS,f,driver,face-on,0,[151 389 404 410 418 422 426 428 449 482]
1031,1031,AMELIA LEWIS,f,driver,face-on,1,[ 752  781  842  864  894  913  927  937 1019 1049]
1032,1032,LYDIA KO,f,driver,face-on,0,[211 679 708 714 723 727 731 733 753 783]
1033,1033,LYDIA KO,f,driver,down-the-line,0,[633 683 708 713 722 727 731 733 753 787]
1034,1034,LYDIA KO,f,driver,face-on,1,[1117 1191 1219 1225 1234 1239 1242 1244 1264 1298]
1035,1035,LYDIA KO,f,driver,down-the-line,1,[1153 1195 1219 1225 1234 1239 1242 1245 1264 1298]
1036,1036,RORY MCILROY,m,driver,down-the-line,0,[481 851 869 872 879 884 887 889 901 935]
1037,1037,RORY MCILROY,m,driver,down-the-line,1,[1145 1194 1234 1248 1274 1293 1304 1311 1371 1401]
1038,1038,ADAM SCOTT,m,driver,other,0,[ 871 1222 1236 1239 1248 1253 1255 1257 1277 1312]
1039,1039,JASON DAY,m,driver,down-the-line,0,[1162 1222 1235 1240 1248 1252 1255 1257 1268 1306]
1040,1040,BRANDT SNEDEKER,m,driver,face-on,0,[121 162 172 176 182 187 190 192 208 240]
1041,1041,BRANDT SNEDEKER,m,driver,face-on,1,[ 780  883  920  937  961  980  992 1002 1063 1093]
1042,1042,JAYE MARIE GREEN,f,iron,other,0,[511 657 677 683 693 698 701 704 723 756]
1043,1043,JAYE MARIE GREEN,f,iron,other,1,[ 841  867  941  964 1003 1024 1036 1046 1119 1179]
1044,1044,AZAHARA MUNOZ,f,driver,face-on,0,[241 357 370 375 382 387 391 394 416 450]
1045,1045,AZAHARA MUNOZ,f,driver,face-on,1,[690 736 788 806 838 857 872 881 956 986]
1046,1046,JOHN MERRICK,m,fairway,other,0,[ 94 147 164 169 178 182 185 187 214 255]
1047,1047,JOHN MERRICK,m,fairway,other,1,[595 635 697 713 751 767 781 789 870 900]
1048,1048,BUD CAULEY,m,fairway,other,0,[211 363 373 377 383 387 390 392 412 472]
1049,1049,BUD CAULEY,m,fairway,other,1,[ 772  805  846  860  889  904  916  924  996 1026]
1050,1050,PHIL MICKELSON,m,fairway,face-on,0,[181 247 269 272 280 285 288 290 306 345]
1051,1051,PHIL MICKELSON,m,wedge,face-on,0,[597 663 674 678 683 687 692 696 708 742]
1052,1052,PHIL MICKELSON,m,wedge,down-the-line,0,[ 982 1122 1137 1140 1146 1150 1155 1158 1169 1212]
1053,1053,PHIL MICKELSON,m,fairway,other,0,[3012 3213 3226 3229 3239 3243 3246 3248 3264 3298]
1054,1054,PHIL MICKELSON,m,iron,other,0,[3598 3779 3789 3792 3799 3804 3808 3810 3827 3859]
1055,1055,PHIL MICKELSON,m,fairway,face-on,0,[4279 4335 4345 4349 4357 4362 4365 4367 4384 4421]
1056,1056,PHIL MICKELSON,m,fairway,face-on,1,[4481 4561 4605 4617 4652 4669 4684 4692 4754 4788]
1057,1057,PHIL MICKELSON,m,wedge,face-on,1,[6108 6122 6164 6183 6201 6217 6235 6251 6299 6343]
1058,1058,PHIL MICKELSON,m,wedge,down-the-line,1,[7783 7814 7850 7866 7887 7903 7920 7936 7973 8006]
1059,1059,PHIL MICKELSON,m,fairway,other,1,[9386 9467 9518 9530 9569 9585 9600 9607 9670 9703]
1060,1060,PHIL MICKELSON,m,iron,other,1,[11113 11216 11255 11267 11300 11319 11332 11343 11408 11468]
1061,1061,BEATRIZ RECARI,f,driver,down-the-line,0,[155 439 457 461 469 472 476 479 500 536]
1062,1062,BEATRIZ RECARI,f,driver,down-the-line,1,[659 687 764 780 810 822 838 848 929 964]
1063,1063,SUNG HYUN PARK,f,iron,face-on,0,[361 649 660 665 674 679 682 684 702 736]
1064,1064,SUNG HYUN PARK,f,iron,face-on,1,[1006 1012 1055 1078 1114 1131 1144 1154 1236 1296]
1065,1065,RICKIE FOWLER,m,driver,other,0,[ 32 100 109 113 119 123 126 128 142 179]
1066,1066,TIGER WOODS,m,driver,other,0,[ 59  95 108 112 118 122 126 127 143 177]
1067,1067,RICKIE FOWLER,m,driver,other,1,[237 307 346 362 386 399 411 419 483 517]
1068,1068,TIGER WOODS,m,driver,other,1,[247 290 342 355 381 399 411 419 483 515]
1069,1069,SCOTT MCCARRON,m,fairway,face-on,0,[181 446 456 460 467 470 474 476 491 529]
1070,1070,SCOTT MCCARRON,m,fairway,face-on,1,[ 739  804  846  859  889  902  914  922  983 1017]
1071,1071,GIL MORGAN,m,driver,other,0,[421 583 596 601 610 615 618 620 638 672]
1072,1072,GIL MORGAN,m,driver,other,1,[ 852  894  946  966 1003 1022 1035 1043 1107 1140]
1073,1073,HEE YOUNG PARK,f,driver,other,0,[271 429 443 448 458 463 467 469 492 528]
1074,1074,HEE YOUNG PARK,f,driver,other,1,[ 798  836  890  915  953  970  984  994 1076 1111]
1075,1075,TOBY KEITH,m,driver,face-on,0,[384 473 496 501 506 511 514 517 526 565]
1076,1076,TOBY KEITH,m,driver,face-on,1,[1165 1168 1251 1272 1294 1310 1323 1333 1372 1431]
1077,1077,LEXI THOMPSON,f,driver,down-the-line,0,[ 91 138 150 154 162 166 170 172 193 227]
1078,1078,LEXI THOMPSON,f,driver,face-on,0,[107 137 150 154 163 167 170 172 196 230]
1079,1079,LEXI THOMPSON,f,driver,down-the-line,1,[320 368 402 415 439 453 463 470 523 554]
1080,1080,LEXI THOMPSON,f,driver,face-on,1,[344 367 403 416 441 453 463 470 531 564]
1081,1081,AI MIYAZATO,f,driver,other,0,[ 691  961  994 1002 1030 1038 1042 1044 1074 1109]
1082,1082,KEVIN KISNER,m,driver,down-the-line,0,[241 449 467 471 477 480 484 486 497 533]
1083,1083,KEVIN KISNER,m,driver,down-the-line,1,[ 833  856  923  942  965  977  991  999 1046 1079]
1084,1084,KEEGAN BRADLEY,m,driver,down-the-line,0,[451 635 652 657 665 669 672 674 686 720]
1085,1085,KEEGAN BRADLEY,m,driver,down-the-line,1,[1050 1118 1164 1184 1215 1232 1244 1252 1299 1329]
1086,1086,BRITTANY LANG,f,driver,down-the-line,0,[121 327 342 345 353 358 362 364 382 415]
1087,1087,BRITTANY LANG,f,driver,down-the-line,1,[565 642 699 713 750 768 779 789 854 914]
1088,1088,PERNILLA LINDBERG,f,driver,face-on,0,[211 363 380 385 393 400 403 405 429 464]
1089,1089,PERNILLA LINDBERG,f,driver,face-on,1,[ 794  848  912  931  964  988 1002 1011 1105 1138]
1090,1090,ARIYA JUTANUGARN,f,iron,face-on,0,[271 458 479 485 492 495 499 502 521 556]
1091,1091,ARIYA JUTANUGARN,f,iron,face-on,1,[ 916  976 1054 1079 1105 1119 1133 1147 1222 1257]
1092,1092,RORY MCILROY,m,iron,other,0,[ 31 339 356 359 366 371 374 376 401 436]
1093,1093,RORY MCILROY,m,iron,other,1,[526 552 592 605 635 652 663 673 759 819]
1094,1094,MICHELLE WIE,f,driver,down-the-line,0,[ 61 119 130 136 141 145 149 151 169 205]
1095,1095,MICHELLE WIE,f,driver,down-the-line,1,[475 500 543 562 590 603 617 625 694 739]
1096,1096,BRAD FRITSCH,m,fairway,other,0,[ 24  45  60  64  73  78  81  83  98 134]
1097,1097,BRAD FRITSCH,m,fairway,other,1,[314 375 430 449 488 506 520 528 585 627]
1098,1098,SUZANN PETTERSEN,f,driver,other,0,[  91  930  941  945  953  957  961  963  977 1013]
1099,1099,SUZANN PETTERSEN,f,driver,other,1,[1343 1391 1435 1449 1483 1501 1513 1523 1577 1612]
1100,1100,TIGER WOODS,m,iron,face-on,0,[271 457 470 473 479 484 487 489 505 539]
1101,1101,TIGER WOODS,m,driver,other,0,[ 839  963  975  979  985  989  992  994 1008 1043]
1102,1102,TIGER WOODS,m,iron,other,0,[1523 1746 1758 1761 1767 1772 1775 1777 1793 1823]
1103,1103,TIGER WOODS,m,driver,down-the-line,0,[2423 2511 2522 2525 2532 2535 2539 2540 2557 2595]
1104,1104,TIGER WOODS,m,driver,face-on,0,[3825 4037 4049 4052 4059 4063 4066 4068 4085 4119]
1105,1105,BILLY ANDRADE,m,driver,face-on,0,[421 508 520 524 534 539 543 545 559 593]
1106,1106,BILLY ANDRADE,m,driver,face-on,1,[ 893  902  949  969 1004 1027 1041 1049 1105 1138]
1107,1107,JAMIE LOVEMARK,m,driver,other,0,[ 91 391 401 404 414 421 424 426 445 480]
1108,1108,JAMIE LOVEMARK,m,driver,other,1,[ 690  718  757  770  809  837  850  858  943 1003]
1109,1109,MINJEE LEE,f,iron,face-on,0,[181 325 340 350 360 364 368 370 384 420]
1110,1110,MINJEE LEE,f,iron,face-on,1,[616 632 690 728 768 786 799 808 873 903]
1111,1111,AI MIYAZATO,f,driver,down-the-line,0,[151 365 399 405 429 437 441 443 478 508]
1112,1112,AI MIYAZATO,f,driver,down-the-line,1,[ 727  744  877  896  995 1028 1042 1053 1174 1212]
1113,1113,AI MIYAZATO,f,driver,face-on,0,[4003 4181 4220 4225 4250 4258 4261 4263 4292 4329]
1114,1114,AI MIYAZATO,f,driver,face-on,1,[4569 4659 4816 4834 4935 4965 4978 4989 5096 5137]
1115,1115,BOO WEEKLEY,m,fairway,other,0,[271 398 411 415 422 426 430 432 447 485]
1116,1116,BOO WEEKLEY,m,fairway,other,1,[ 815  820  873  889  918  934  947  957 1023 1060]
1117,1117,BRYSON DECHAMBEAU,m,driver,down-the-line,0,[ 62 219 234 237 245 250 253 255 269 307]
1118,1118,BRYSON DECHAMBEAU,m,driver,down-the-line,1,[608 652 711 722 756 775 785 794 847 883]
1119,1119,GERINA PILLER,f,driver,down-the-line,0,[601 833 846 851 859 864 867 869 891 928]
1120,1120,GERINA PILLER,f,driver,down-the-line,1,[1018 1032 1083 1102 1134 1152 1166 1175 1241 1278]
1121,1121,TONY FINAU,m,iron,down-the-line,0,[331 638 671 677 680 684 687 689 706 743]
1122,1122,TONY FINAU,m,iron,down-the-line,1,[ 923  953  989 1009 1024 1037 1050 1057 1129 1162]
1123,1123,TIM HERRON,m,fairway,other,0,[181 398 410 416 424 429 432 434 451 487]
1124,1124,TIM HERRON,m,fairway,other,1,[607 646 696 716 748 766 779 787 849 885]
1125,1125,LEE WESTWOOD,m,driver,face-on,0,[151 696 714 722 730 733 736 738 762 802]
1126,1126,LEE WESTWOOD,m,driver,face-on,1,[1042 1113 1160 1190 1218 1235 1248 1256 1350 1410]
1127,1127,LEE WESTWOOD,m,driver,down-the-line,0,[2940 3568 3580 3587 3595 3599 3601 3603 3623 3658]
1128,1128,LEE WESTWOOD,m,driver,down-the-line,1,[4078 4126 4171 4198 4231 4244 4257 4264 4336 4370]
1129,1129,MICHELLE WIE,f,fairway,face-on,0,[ 61 206 218 224 230 233 237 239 258 296]
1130,1130,MICHELLE WIE,f,fairway,face-on,1,[476 534 581 606 629 642 656 665 743 773]
1131,1131,MICHELLE WIE,f,fairway,other,0,[ 863 1076 1088 1093 1098 1101 1105 1107 1129 1168]
1132,1132,MICHELLE WIE,f,fairway,other,1,[1288 1370 1417 1439 1460 1471 1486 1495 1577 1603]
1133,1133,MICHELLE WIE,f,fairway,down-the-line,0,[1600 1698 1709 1715 1721 1724 1727 1730 1750 1787]
1134,1134,MICHELLE WIE,f,iron,other,0,[1937 2076 2087 2092 2097 2101 2104 2106 2123 2160]
1135,1135,MICHELLE WIE,f,iron,down-the-line,0,[2280 2362 2372 2377 2383 2387 2390 2392 2410 2446]
1136,1136,MICHELLE WIE,f,iron,down-the-line,1,[2596 2608 2644 2660 2679 2691 2703 2709 2765 2799]
1137,1137,MICHELLE WIE,f,iron,other,0,[3021 3037 3048 3054 3059 3062 3066 3068 3088 3132]
1138,1138,MICHELLE WIE,f,fairway,other,0,[3252 3380 3392 3398 3403 3406 3410 3412 3432 3467]
1139,1139,MICHELLE WIE,f,driver,down-the-line,0,[3617 3626 3637 3643 3649 3653 3657 3659 3675 3712]
1140,1140,MICHELLE WIE,f,driver,down-the-line,0,[3922 4040 4050 4056 4062 4066 4069 4072 4089 4125]
1141,1141,MICHELLE WIE,f,driver,down-the-line,0,[4365 4403 4413 4419 4425 4429 4432 4434 4456 4493]
1142,1142,MICHELLE WIE,f,driver,down-the-line,1,[4703 4706 4742 4761 4783 4795 4807 4813 4870 4906]
1143,1143,MICHELLE WIE,f,fairway,face-on,0,[4966 5262 5275 5281 5286 5289 5292 5295 5316 5353]
1144,1144,MICHELLE WIE,f,fairway,face-on,1,[5459 5472 5524 5547 5566 5581 5595 5604 5687 5717]
1145,1145,J B HOLMES,m,fairway,face-on,0,[ 91 270 283 287 293 298 301 303 321 363]
1146,1146,J B HOLMES,m,fairway,face-on,1,[573 636 686 701 728 744 757 763 843 889]
1147,1147,PETER HANSON,m,driver,down-the-line,0,[211 553 562 566 572 575 578 580 597 633]
1148,1148,PETER HANSON,m,driver,down-the-line,1,[ 783  819  858  874  895  910  923  931  994 1028]
1149,1149,BROOKE HENDERSON,f,iron,down-the-line,0,[271 576 590 594 601 607 610 612 627 661]
1150,1150,BROOKE HENDERSON,f,iron,down-the-line,1,[ 721  837  890  904  937  955  968  977 1035 1072]
1151,1151,ALISON LEE,f,iron,down-the-line,0,[391 703 728 734 742 747 751 754 775 813]
1152,1152,ALISON LEE,f,iron,down-the-line,1,[1270 1320 1402 1427 1459 1479 1494 1506 1589 1628]
1153,1153,SEAN OHAIR,m,driver,other,0,[271 481 494 498 506 512 515 517 536 578]
1154,1154,SEAN OHAIR,m,driver,other,0,[1028 1258 1278 1282 1290 1296 1299 1301 1321 1355]
1155,1155,SEAN OHAIR,m,driver,other,1,[1715 1745 1818 1834 1867 1889 1901 1910 1985 2023]
1156,1156,IN-GEE CHUN,f,hybrid,other,0,[ 901 1122 1142 1148 1159 1164 1168 1170 1194 1230]
1157,1157,IN-GEE CHUN,f,hybrid,other,1,[1440 1453 1523 1550 1595 1615 1629 1638 1730 1767]
1158,1158,LEE WESTWOOD,m,driver,down-the-line,0,[ 61 265 276 283 290 294 297 299 321 355]
1159,1159,LEE WESTWOOD,m,driver,down-the-line,1,[655 712 751 779 810 823 834 843 916 959]
1160,1160,BEATRIZ RECARI,f,hybrid,face-on,0,[ 61 415 438 443 450 454 458 460 472 509]
1161,1161,BEATRIZ RECARI,f,hybrid,face-on,1,[599 656 740 760 786 801 816 825 880 924]
1162,1162,JAYE MARIE GREEN,f,driver,face-on,0,[241 331 354 361 369 376 379 382 400 434]
1163,1163,JAYE MARIE GREEN,f,driver,face-on,1,[ 644  687  777  806  841  865  879  888  961 1002]
1164,1164,BRYSON DECHAMBEAU,m,driver,face-on,0,[511 787 804 807 814 820 823 825 841 877]
1165,1165,BRYSON DECHAMBEAU,m,driver,face-on,1,[1237 1256 1318 1328 1362 1381 1392 1402 1466 1498]
1166,1166,CAMERON TRINGALE,m,driver,face-on,0,[601 718 736 740 748 753 756 758 782 820]
1167,1167,CAMERON TRINGALE,m,driver,face-on,1,[1210 1268 1339 1355 1387 1405 1419 1428 1522 1556]
1168,1168,RICKY BARNES,m,hybrid,other,0,[211 394 406 410 418 423 426 428 445 480]
1169,1169,RICKY BARNES,m,hybrid,other,1,[630 661 703 716 754 773 784 793 861 896]
1170,1170,HALE IRWIN,m,driver,down-the-line,0,[ 91 436 451 456 462 466 469 472 488 524]
1171,1171,HALE IRWIN,m,driver,down-the-line,1,[ 794  842  898  917  945  957  970  981 1048 1082]
1172,1172,BILLY HORSCHEL,m,driver,down-the-line,0,[ 91 272 285 290 296 300 303 305 320 355]
1173,1173,BILLY HORSCHEL,m,driver,down-the-line,0,[475 573 589 593 600 604 607 609 624 660]
1174,1174,BILLY HORSCHEL,m,driver,down-the-line,1,[1230 1260 1315 1332 1357 1371 1383 1392 1460 1498]
1175,1175,BILLY HORSCHEL,m,driver,down-the-line,1,[1228 1249 1312 1328 1356 1371 1383 1392 1453 1483]
1176,1176,AMY YANG,f,driver,other,0,[ 91 422 439 445 454 460 464 466 487 522]
1177,1177,AMY YANG,f,driver,other,1,[ 762  803  862  887  927  948  960  971 1058 1088]
1178,1178,BROOKE HENDERSON,f,iron,face-on,0,[301 684 697 701 708 713 716 719 738 773]
1179,1179,BROOKE HENDERSON,f,iron,face-on,1,[1163 1238 1289 1303 1334 1350 1364 1374 1445 1479]
1180,1180,BERNHARD LANGER,m,iron,face-on,0,[271 407 426 429 435 439 442 444 466 501]
1181,1181,BERNHARD LANGER,m,driver,face-on,0,[785 909 920 923 929 933 936 938 959 993]
1182,1182,BERNHARD LANGER,m,iron,other,0,[1233 1466 1478 1484 1488 1491 1496 1500 1511 1551]
1183,1183,BERNHARD LANGER,m,driver,other,0,[1911 2057 2070 2073 2079 2083 2086 2088 2109 2147]
1184,1184,BERNHARD LANGER,m,driver,face-on,0,[2267 2545 2561 2564 2570 2574 2578 2580 2601 2636]
1185,1185,BERNHARD LANGER,m,hybrid,other,0,[2846 3578 3593 3596 3602 3606 3610 3612 3630 3666]
1186,1186,BERNHARD LANGER,m,driver,other,0,[4086 4463 4477 4480 4485 4489 4493 4495 4520 4555]
1187,1187,BERNHARD LANGER,m,driver,face-on,0,[4825 5174 5193 5196 5202 5206 5209 5211 5236 5273]
1188,1188,BERNHARD LANGER,m,iron,other,0,[5483 5799 5820 5824 5829 5834 5837 5840 5865 5898]
1189,1189,BERNHARD LANGER,m,iron,down-the-line,0,[6468 6798 6811 6815 6821 6824 6828 6830 6853 6890]
1190,1190,BERNHARD LANGER,m,driver,face-on,1,[7640 7679 7726 7740 7762 7778 7792 7800 7874 7911]
1191,1191,BERNHARD LANGER,m,driver,face-on,1,[7641 7668 7727 7741 7761 7778 7792 7801 7891 7924]
1192,1192,BERNHARD LANGER,m,driver,other,1,[9214 9260 9317 9329 9355 9368 9382 9390 9477 9513]
1193,1193,BERNHARD LANGER,m,hybrid,down-the-line,1,[11133 11282 11339 11351 11374 11391 11403 11413 11480 11513]
1194,1194,BERNHARD LANGER,m,iron,down-the-line,1,[11213 11288 11340 11353 11374 11391 11404 11413 11487 11521]
1195,1195,CHELLA CHOI,f,driver,face-on,0,[211 584 607 614 622 626 630 633 654 688]
1196,1196,CHELLA CHOI,f,driver,face-on,1,[1082 1117 1204 1232 1261 1281 1296 1307 1388 1448]
1197,1197,RICKIE FOWLER,m,driver,down-the-line,0,[361 597 607 613 618 623 626 628 647 681]
1198,1198,RICKIE FOWLER,m,driver,down-the-line,1,[ 921 1025 1064 1084 1111 1127 1138 1146 1214 1244]
1199,1199,SYDNEE MICHAELS,f,driver,face-on,0,[ 91 375 391 395 404 408 412 414 434 468]
1200,1200,SYDNEE MICHAELS,f,driver,face-on,1,[678 716 773 788 827 842 857 868 947 984]
1201,1201,LUKE GUTHRIE,m,driver,down-the-line,0,[ 31 174 186 190 196 200 203 206 220 254]
1202,1202,LUKE GUTHRIE,m,driver,down-the-line,1,[344 390 430 447 471 489 500 508 561 593]
1203,1203,JENNIFER JOHNSON,f,driver,down-the-line,0,[ 93 633 654 662 670 675 679 682 700 730]
1204,1204,JENNIFER JOHNSON,f,driver,down-the-line,1,[ 850  866  929  961  995 1014 1029 1038 1114 1145]
1205,1205,DAVID HEARN,m,fairway,other,0,[249 491 501 507 515 519 523 525 547 586]
1206,1206,DAVID HEARN,m,fairway,other,1,[ 710  747  791  813  843  861  875  885  984 1019]
1207,1207,LYDIA KO,f,driver,face-on,0,[122 286 307 315 325 331 335 337 358 391]
1208,1208,LYDIA KO,f,driver,face-on,1,[ 481 1248 1328 1357 1402 1424 1437 1447 1529 1589]
1209,1209,LYDIA KO,f,driver,face-on,0,[3449 3589 3609 3616 3628 3632 3636 3638 3659 3694]
1210,1210,LYDIA KO,f,driver,face-on,1,[3754 4436 4515 4545 4587 4610 4624 4634 4718 4751]
1211,1211,STEVE STRICKER,m,driver,other,0,[121 362 377 381 388 393 396 399 416 450]
1212,1212,STEVE STRICKER,m,driver,other,1,[660 704 766 780 812 831 843 852 914 939]
1213,1213,BRENDON DE JONGE,m,hybrid,other,0,[271 486 497 501 506 511 513 516 528 562]
1214,1214,BRENDON DE JONGE,m,hybrid,other,1,[712 754 798 814 835 851 862 872 924 957]
1215,1215,TIGER WOODS,m,iron,down-the-line,0,[481 564 575 579 585 590 593 596 605 641]
1216,1216,TIGER WOODS,m,iron,down-the-line,1,[1031 1073 1110 1122 1151 1168 1179 1191 1226 1263]
1217,1217,HARRIS ENGLISH,m,driver,face-on,0,[391 522 536 541 549 555 558 560 579 613]
1218,1218,HARRIS ENGLISH,m,driver,face-on,1,[ 793  828  886  905  940  958  970  979 1041 1081]
1219,1219,CHARLEY HULL,f,iron,other,0,[121 218 230 235 241 245 248 251 267 387]
1220,1220,CHARLEY HULL,f,iron,other,1,[537 595 642 661 686 702 714 726 783 818]
1221,1221,KATHERINE HULL,f,driver,down-the-line,0,[181 544 562 569 574 578 581 584 600 635]
1222,1222,KATHERINE HULL,f,driver,down-the-line,1,[ 725  768  829  858  880  892  907  917  978 1017]
1223,1223,BRITTANY LINCICOME,f,driver,down-the-line,0,[ 991 1115 1147 1152 1157 1160 1164 1166 1183 1218]
1224,1224,BRITTANY LINCICOME,f,driver,down-the-line,1,[1368 1394 1521 1542 1563 1577 1591 1601 1665 1725]
1225,1225,JUSTIN THOMAS,m,driver,down-the-line,0,[361 616 629 633 643 649 651 653 667 700]
1226,1226,JUSTIN THOMAS,m,driver,down-the-line,1,[ 880  961 1009 1027 1065 1089 1100 1107 1165 1225]
1227,1227,PADRAIG HARRINGTON,m,driver,down-the-line,0,[691 917 927 931 937 940 943 946 958 996]
1228,1228,PADRAIG HARRINGTON,m,driver,down-the-line,0,[1506 1771 1781 1785 1791 1795 1798 1800 1815 1849]
1229,1229,PADRAIG HARRINGTON,m,driver,down-the-line,0,[2209 2297 2308 2311 2318 2321 2324 2326 2340 2376]
1230,1230,PADRAIG HARRINGTON,m,driver,down-the-line,1,[2976 3012 3054 3067 3089 3106 3117 3127 3183 3220]
1231,1231,PADRAIG HARRINGTON,m,driver,down-the-line,1,[4660 4681 4723 4735 4762 4775 4788 4796 4858 4918]
1232,1232,PADRAIG HARRINGTON,m,driver,down-the-line,1,[6328 6394 6435 6447 6473 6486 6498 6507 6573 6607]
1233,1233,BOB GILDER,m,driver,other,0,[151 532 541 545 552 557 561 564 578 614]
1234,1234,BOB GILDER,m,driver,other,1,[704 750 785 799 831 851 865 876 931 991]
1235,1235,JUSTIN THOMAS,m,driver,face-on,0,[241 611 643 647 656 662 665 667 679 713]
1236,1236,JUSTIN THOMAS,m,driver,face-on,1,[ 863  893  942  961  997 1020 1032 1039 1094 1124]
1237,1237,RICKIE FOWLER,m,driver,face-on,0,[211 428 438 443 449 453 456 458 476 513]
1238,1238,RICKIE FOWLER,m,driver,face-on,1,[ 753  891  932  951  974  989 1002 1009 1078 1111]
1239,1239,HANK KUEHNE,m,iron,other,0,[ 61 288 297 300 306 309 312 315 326 362]
1240,1240,HANK KUEHNE,m,iron,down-the-line,1,[422 453 490 503 525 538 550 560 603 679]
1241,1241,FUZZY ZOELLER,m,driver,down-the-line,0,[211 312 325 335 343 347 351 353 372 408]
1242,1242,FUZZY ZOELLER,m,driver,down-the-line,1,[ 648  738  791  827  866  879  893  903  977 1007]
1243,1243,RORY MCILROY,m,iron,other,0,[1501 1776 1787 1790 1798 1803 1805 1807 1826 1865]
1244,1244,RORY MCILROY,m,iron,other,1,[2075 2105 2146 2160 2189 2209 2220 2228 2300 2330]
1245,1245,JEFF MAGGERT,m,iron,face-on,0,[ 91 164 176 182 187 189 193 195 218 255]
1246,1246,JEFF MAGGERT,m,iron,face-on,1,[ 675  761  808  833  851  862  877  886  961 1021]
1247,1247,JESSICA KORDA,f,iron,down-the-line,0,[ 62 188 209 217 225 230 234 237 252 286]
1248,1248,JESSICA KORDA,f,iron,down-the-line,1,[ 766  783  863  894  928  948  961  972 1020 1058]
1249,1249,SO YEON RYU,f,driver,face-on,0,[151 346 364 376 384 388 392 394 413 448]
1250,1250,SO YEON RYU,f,driver,face-on,1,[ 688  703  767  817  849  864  880  890  966 1026]
1251,1251,ANDREW MAGEE,m,driver,other,0,[ 91 484 500 505 512 516 519 522 536 574]
1252,1252,ANDREW MAGEE,m,driver,other,1,[694 708 768 789 816 833 845 854 910 947]
1253,1253,BROOKE HENDERSON,f,driver,face-on,0,[241 519 537 541 551 554 558 560 577 610]
1254,1254,BROOKE HENDERSON,f,driver,face-on,1,[ 791  818  890  905  941  957  973  982 1044 1078]
1255,1255,PERNILLA LINDBERG,f,wedge,face-on,0,[3598 3659 3674 3679 3686 3690 3695 3697 3720 3753]
1256,1256,PERNILLA LINDBERG,f,wedge,face-on,0,[4173 4259 4272 4277 4284 4288 4293 4295 4317 4351]
1257,1257,PERNILLA LINDBERG,f,wedge,face-on,1,[5761 5804 5858 5876 5900 5920 5935 5948 6000 6047]
1258,1258,JASON DUFNER,m,driver,face-on,0,[301 599 609 613 617 620 624 626 643 682]
1259,1259,JASON DUFNER,m,driver,face-on,1,[ 982 1038 1074 1091 1107 1121 1135 1143 1206 1266]
1260,1260,BROOKE HENDERSON,f,driver,other,0,[243 482 500 504 513 517 521 523 542 575]
1261,1261,BROOKE HENDERSON,f,driver,other,1,[ 725  739  808  825  860  879  894  903  970 1003]
1262,1262,BUBBA WATSON,m,driver,other,0,[ 61  99 113 115 126 132 135 137 150 186]
1263,1263,BUBBA WATSON,m,driver,other,1,[576 587 635 642 688 712 723 730 780 819]
1264,1264,SEAN OHAIR,m,driver,other,0,[121 346 359 363 371 376 379 381 396 432]
1265,1265,SEAN OHAIR,m,driver,other,1,[462 502 548 564 598 619 630 639 698 758]
1266,1266,JIN YOUNG KO,f,iron,down-the-line,0,[151 429 445 452 461 466 470 472 493 528]
1267,1267,JIN YOUNG KO,f,iron,down-the-line,1,[1068 1106 1161 1192 1227 1249 1263 1273 1355 1415]
1268,1268,SEAN OHAIR,m,driver,down-the-line,0,[181 370 394 400 409 415 418 420 433 467]
1269,1269,SEAN OHAIR,m,driver,down-the-line,1,[ 827  872  936  960  997 1019 1031 1039 1092 1152]
1270,1270,BROOKE HENDERSON,f,fairway,face-on,0,[451 675 692 696 704 708 712 714 728 762]
1271,1271,BROOKE HENDERSON,f,fairway,face-on,1,[1002 1059 1123 1138 1170 1186 1200 1209 1264 1294]
1272,1272,CHARLIE WI,m,driver,down-the-line,0,[391 668 682 686 693 697 700 703 714 750]
1273,1273,CHARLIE WI,m,driver,down-the-line,1,[ 990 1042 1091 1109 1136 1152 1164 1173 1216 1249]
1274,1274,INBEE PARK,f,driver,down-the-line,0,[151 338 363 374 386 392 395 398 421 454]
1275,1275,INBEE PARK,f,driver,down-the-line,1,[ 724  786  886  929  980 1003 1016 1026 1115 1145]
1276,1276,CHARLEY HULL,f,driver,down-the-line,0,[ 61 262 274 279 285 289 292 295 309 343]
1277,1277,CHARLEY HULL,f,driver,down-the-line,1,[643 671 715 734 761 775 789 799 853 888]
1278,1278,TONY FINAU,m,driver,face-on,0,[241 445 479 484 489 491 495 496 513 547]
1279,1279,TONY FINAU,m,driver,face-on,1,[ 846  875 1005 1028 1046 1055 1069 1077 1143 1173]
1280,1280,TROY KELLY,m,fairway,other,0,[ 61 235 247 251 260 265 269 271 284 317]
1281,1281,TROY KELLY,m,fairway,other,1,[527 572 625 638 676 697 709 718 769 802]
1282,1282,JULIETA GRANADA,f,driver,other,0,[721 852 864 869 876 880 885 887 903 938]
1283,1283,JULIETA GRANADA,f,driver,other,1,[1028 1074 1126 1146 1176 1189 1208 1217 1282 1320]
1284,1284,GEOFF OGILVY,m,driver,down-the-line,0,[241 347 357 363 370 375 378 380 393 430]
1285,1285,GEOFF OGILVY,m,driver,down-the-line,1,[ 760  804  840  861  891  913  924  934  994 1024]
1286,1286,FREDRIK JACOBSON,m,driver,down-the-line,0,[279 428 446 451 460 466 469 471 488 529]
1287,1287,FREDRIK JACOBSON,m,driver,down-the-line,1,[ 775  823  896  916  960  980  990  998 1056 1091]
1288,1288,RORY SABBATINI,m,driver,down-the-line,0,[121 346 359 364 376 381 384 386 401 431]
1289,1289,RORY SABBATINI,m,driver,down-the-line,1,[673 745 792 812 859 880 892 900 952 982]
1290,1290,CHARLEY HULL,f,driver,face-on,0,[121 255 267 271 277 282 285 287 299 336]
1291,1291,CHARLEY HULL,f,driver,face-on,1,[636 719 766 784 810 826 840 849 899 929]
1292,1292,CHARLEY HULL,f,driver,face-on,1,[1049 1086 1171 1204 1252 1281 1308 1325 1412 1447]
1293,1293,DANIEL BERGER,m,driver,face-on,0,[451 514 526 531 539 545 548 549 562 622]
1294,1294,DANIEL BERGER,m,driver,face-on,1,[ 922  951  996 1015 1040 1071 1083 1090 1137 1197]
1295,1295,ALISON LEE,f,driver,down-the-line,0,[421 485 502 510 518 523 527 530 548 608]
1296,1296,ALISON LEE,f,driver,down-the-line,1,[ 728  760  822  852  884  906  921  931  988 1078]
1297,1297,JOHNSON WAGNER,m,fairway,other,0,[631 826 835 839 844 848 852 853 877 967]
1298,1298,JOHNSON WAGNER,m,fairway,other,1,[1147 1187 1221 1238 1259 1273 1286 1294 1358 1449]
1299,1299,BEN CRANE,m,driver,down-the-line,0,[481 516 527 532 539 543 547 549 562 592]
1300,1300,BEN CRANE,m,driver,down-the-line,1,[ 712  734  776  793  825  842  855  863  912 1002]
1301,1301,CRISTIE KERR,f,driver,down-the-line,0,[301 412 427 430 442 446 450 452 466 563]
1302,1302,CRISTIE KERR,f,driver,down-the-line,1,[ 833  869  924  934  982 1000 1013 1023 1081 1171]
1303,1303,TIGER WOODS,m,iron,face-on,0,[ 871 1082 1094 1097 1105 1108 1111 1113 1129 1249]
1304,1304,TIGER WOODS,m,iron,face-on,1,[1519 1554 1600 1611 1642 1656 1668 1675 1734 1824]
1305,1305,REBECCA LEE BENTHAM,f,driver,down-the-line,0,[661 729 743 748 756 761 765 767 784 844]
1306,1306,REBECCA LEE BENTHAM,f,driver,down-the-line,1,[ 994 1044 1094 1116 1146 1166 1181 1191 1259 1349]
1307,1307,KENNY PERRY,m,driver,other,0,[361 443 457 463 477 480 484 486 506 603]
1308,1308,KENNY PERRY,m,driver,other,1,[ 633  670  712  734  794  805  820  827  907 1000]
1309,1309,LYDIA KO,f,wedge,other,0,[301 413 429 437 447 452 456 459 478 575]
1310,1310,LYDIA KO,f,wedge,other,1,[ 665  701  766  801  839  858  872  887  958 1048]
1311,1311,SERGIO GARCIA,m,driver,down-the-line,0,[ 871  940  950  955  962  966  969  971  987 1137]
1312,1312,SERGIO GARCIA,m,driver,down-the-line,1,[1437 1507 1542 1558 1585 1604 1617 1625 1685 1745]
1313,1313,STACY LEWIS,f,driver,down-the-line,0,[146 173 190 193 203 208 212 214 229 297]
1314,1314,INBEE PARK,f,driver,down-the-line,0,[147 163 181 190 203 208 212 214 236 328]
1315,1315,STACY LEWIS,f,driver,down-the-line,1,[448 522 574 590 626 647 661 669 734 804]
1316,1316,INBEE PARK,f,driver,down-the-line,1,[469 474 542 575 626 646 661 670 748 802]
1317,1317,BROOKS KOEPKA,m,fairway,down-the-line,0,[140 193 202 205 213 216 219 221 236 356]
1318,1318,BROOKS KOEPKA,m,driver,down-the-line,1,[686 697 729 740 773 786 797 804 868 988]
1319,1319,BOB TWAY,m,driver,other,0,[331 377 391 396 404 407 411 413 433 493]
1320,1320,BOB TWAY,m,driver,other,1,[583 602 659 680 711 724 740 747 805 889]
1321,1321,LEE JANZEN,m,iron,down-the-line,0,[571 712 720 725 733 737 740 743 772 832]
1322,1322,LEE JANZEN,m,iron,down-the-line,1,[1252 1287 1311 1333 1365 1378 1391 1401 1475 1535]
1323,1323,ALISON LEE,f,driver,face-on,0,[391 522 542 549 557 562 566 569 588 648]
1324,1324,ALISON LEE,f,driver,face-on,1,[ 828  846  924  952  985 1005 1021 1031 1107 1167]
1325,1325,BYEONG HUN AN,m,iron,other,0,[211 264 273 277 285 290 293 295 326 386]
1326,1326,BYEONG HUN AN,m,iron,other,1,[626 672 702 718 749 767 779 787 834 924]
1327,1327,SEAN OHAIR,m,iron,other,0,[331 368 381 387 393 398 402 404 415 475]
1328,1328,SEAN OHAIR,m,iron,other,1,[685 706 754 775 804 823 835 843 901 991]
1329,1329,AI MIYAZATO,f,driver,face-on,0,[ 61 113 143 151 171 178 182 184 219 339]
1330,1330,AI MIYAZATO,f,driver,face-on,1,[429 467 581 614 690 722 737 747 835 925]
1331,1331,JERRY KELLY,m,driver,other,0,[ 61 139 152 157 164 169 172 174 190 226]
1332,1332,JERRY KELLY,m,driver,other,1,[436 492 543 563 596 609 623 634 696 744]
1333,1333,VIJAY SINGH,m,driver,down-the-line,0,[ 94 338 364 370 377 384 387 390 407 444]
1334,1334,VIJAY SINGH,m,driver,down-the-line,1,[ 782  855  897  915  954  979  991  999 1069 1111]
1335,1335,PAULA CREAMER,f,driver,down-the-line,0,[271 385 408 412 418 422 425 428 445 483]
1336,1336,PAULA CREAMER,f,driver,down-the-line,0,[633 730 750 754 761 765 768 771 788 823]
1337,1337,PAULA CREAMER,f,driver,down-the-line,0,[1243 1465 1484 1489 1496 1499 1503 1506 1524 1560]
1338,1338,PAULA CREAMER,f,driver,down-the-line,0,[1680 1836 1856 1860 1867 1870 1874 1876 1894 1928]
1339,1339,PAULA CREAMER,f,iron,other,0,[2108 2378 2398 2402 2410 2413 2417 2419 2438 2472]
1340,1340,PAULA CREAMER,f,driver,face-on,0,[2592 2767 2789 2793 2800 2803 2807 2809 2826 2861]
1341,1341,PAULA CREAMER,f,driver,down-the-line,1,[3117 3132 3155 3159 3165 3169 3172 3184 3251 3288]
1342,1342,GERINA PILLER,f,driver,face-on,0,[181 329 344 349 356 360 364 366 389 449]
1343,1343,GERINA PILLER,f,driver,face-on,1,[ 719  762  821  840  869  887  902  911 1001 1035]
1344,1344,LUKE DONALD,m,iron,down-the-line,0,[121 379 390 395 402 407 410 412 434 468]
1345,1345,LUKE DONALD,m,iron,down-the-line,1,[ 858  959 1004 1022 1053 1071 1082 1090 1161 1196]
1346,1346,LUKE DONALD,m,driver,down-the-line,0,[2936 3112 3125 3129 3136 3140 3143 3145 3172 3262]
1347,1347,LUKE DONALD,m,driver,down-the-line,1,[3442 3500 3552 3566 3597 3613 3625 3634 3699 3733]
1348,1348,BEN ROETHLISBERGER,m,driver,face-on,0,[331 566 581 586 594 600 603 605 620 654]
1349,1349,BEN ROETHLISBERGER,m,driver,face-on,1,[ 865  908  966  990 1020 1042 1055 1063 1118 1178]
1350,1350,TIGER WOODS,m,iron,other,0,[421 569 580 583 589 594 597 599 614 650]
1351,1351,TIGER WOODS,m,iron,other,1,[1040 1071 1113 1127 1152 1172 1182 1190 1250 1286]
1352,1352,BEATRIZ RECARI,f,driver,face-on,0,[271 465 482 487 494 497 501 504 523 557]
1353,1353,BEATRIZ RECARI,f,driver,face-on,1,[ 737  775  843  861  890  903  918  928 1002 1039]
1354,1354,XI YU LIN,f,iron,face-on,0,[ 631  996 1012 1020 1029 1034 1037 1039 1072 1111]
1355,1355,XI YU LIN,f,iron,face-on,1,[1441 1460 1518 1549 1584 1602 1617 1625 1750 1783]
1356,1356,BROOKE HENDERSON,f,fairway,down-the-line,0,[481 621 638 642 650 654 658 660 672 716]
1357,1357,BROOKE HENDERSON,f,fairway,down-the-line,1,[ 866  946 1008 1027 1055 1075 1089 1099 1151 1241]
1358,1358,LEXI THOMPSON,f,driver,down-the-line,0,[181 307 319 323 331 335 339 341 374 406]
1359,1359,LEXI THOMPSON,f,driver,down-the-line,1,[524 564 617 631 660 679 693 701 813 843]
1360,1360,GREG NORMAN,m,driver,other,0,[ 751 1332 1347 1349 1358 1362 1366 1368 1380 1413]
1361,1361,GREG NORMAN,m,driver,down-the-line,1,[1623 1694 1753 1763 1799 1814 1828 1838 1880 1920]
1362,1362,SANDY LYLE,m,driver,other,0,[331 463 478 483 487 489 493 495 528 562]
1363,1363,SANDY LYLE,m,driver,other,1,[ 832  893  952  971  987  995 1008 1018 1108 1138]
1364,1364,SANG MOON BAE,m,hybrid,other,0,[271 503 514 519 527 532 535 537 555 589]
1365,1365,SANG MOON BAE,m,hybrid,down-the-line,1,[709 728 772 791 824 842 854 863 940 980]
1366,1366,CHARLEY HULL,f,fairway,down-the-line,0,[151 300 310 315 322 326 329 332 345 385]
1367,1367,CHARLEY HULL,f,fairway,down-the-line,1,[505 508 545 564 591 609 622 633 685 718]
1368,1368,CHARLEY HULL,f,fairway,face-on,0,[2308 2368 2380 2385 2392 2396 2399 2402 2416 2452]
1369,1369,CHARLEY HULL,f,fairway,face-on,1,[2542 2936 2983 3003 3030 3045 3058 3069 3122 3154]
1370,1370,SARAH JANE SMITH,f,iron,face-on,0,[181 347 360 364 369 372 375 378 397 464]
1371,1371,SARAH JANE SMITH,f,iron,face-on,1,[ 794  807  858  872  892  905  920  929 1002 1036]
1372,1372,MI HYANG LEE,f,iron,face-on,0,[241 664 683 688 698 705 708 710 730 768]
1373,1373,MI HYANG LEE,f,iron,face-on,1,[ 948  968 1039 1062 1103 1129 1143 1152 1224 1257]
1374,1374,ALISON LEE,f,driver,face-on,0,[151 420 444 451 459 464 468 471 491 524]
1375,1375,ALISON LEE,f,driver,face-on,1,[ 794  871  959  989 1022 1042 1058 1068 1145 1179]
1376,1376,BROOKE HENDERSON,f,iron,other,0,[181 538 556 560 566 570 573 576 593 626]
1377,1377,BROOKE HENDERSON,f,iron,other,1,[1136 1153 1220 1236 1263 1277 1291 1302 1368 1401]
1378,1378,CRISTIE KERR,f,driver,down-the-line,0,[391 639 653 655 668 673 677 679 696 732]
1379,1379,CRISTIE KERR,f,driver,down-the-line,1,[ 822  855  911  920  973  992 1006 1015 1090 1124]
1380,1380,AI MIYAZATO,f,driver,down-the-line,0,[ 61 222 252 257 281 289 292 295 326 361]
1381,1381,AI MIYAZATO,f,driver,down-the-line,1,[438 475 606 623 719 751 764 774 896 926]
1382,1382,LEXI THOMPSON,f,driver,down-the-line,0,[ 94 373 390 394 402 408 411 414 441 474]
1383,1383,LEXI THOMPSON,f,driver,down-the-line,1,[659 708 765 783 819 839 853 861 953 984]
1384,1384,RORY MCILROY,m,iron,other,0,[331 515 525 528 536 541 544 546 567 597]
1385,1385,TIGER WOODS,m,iron,other,0,[447 513 527 530 536 541 544 546 566 598]
1386,1386,RORY MCILROY,m,iron,other,1,[718 751 796 809 836 859 868 876 947 977]
1387,1387,TIGER WOODS,m,iron,other,1,[707 747 801 812 839 858 868 877 950 984]
1388,1388,ROGER CLEMENS,m,driver,face-on,0,[211 255 265 270 276 280 284 286 297 331]
1389,1389,ROGER CLEMENS,m,driver,face-on,1,[691 728 765 784 810 827 841 848 894 927]
1390,1390,BEN CRENSHAW,m,driver,other,0,[121 328 357 361 370 374 378 381 397 429]
1391,1391,BEN CRENSHAW,m,driver,other,1,[609 663 724 740 779 794 808 818 883 913]
1392,1392,GARY WOODLAND,m,driver,down-the-line,0,[ 61 251 267 273 287 290 293 295 308 340]
1393,1393,GARY WOODLAND,m,driver,down-the-line,1,[610 661 722 744 796 813 825 833 888 909]
1394,1394,ARIYA JUTANUGARN,f,iron,down-the-line,0,[301 539 555 560 568 572 575 578 595 627]
1395,1395,ARIYA JUTANUGARN,f,iron,down-the-line,1,[ 867  887  949  968 1001 1017 1029 1039 1100 1130]
1396,1396,KENNY PERRY,m,driver,face-on,0,[121 394 407 414 427 431 435 437 452 485]
1397,1397,KENNY PERRY,m,driver,face-on,1,[ 875  895  967  997 1045 1061 1076 1084 1145 1175]
1398,1398,KENNY PERRY,m,driver,down-the-line,0,[2585 2890 2904 2912 2925 2929 2932 2934 2950 2985]
1399,1399,KENNY PERRY,m,driver,down-the-line,1,[3165 3212 3263 3291 3346 3360 3373 3382 3452 3482]
